"name.href","name.text"
"http://www.petnameslist.com/name-info/aaliyah","Aaliyah"
"http://www.petnameslist.com/name-info/abbott","Abbott"
"http://www.petnameslist.com/name-info/abraham","Abraham"
"http://www.petnameslist.com/name-info/acacia","Acacia"
"http://www.petnameslist.com/name-info/accordion","Accordion"
"http://www.petnameslist.com/name-info/acorn","Acorn"
"http://www.petnameslist.com/name-info/adam","Adam"
"http://www.petnameslist.com/name-info/aden","Aden"
"http://www.petnameslist.com/name-info/adrastea","Adrastea"
"http://www.petnameslist.com/name-info/aegir","Aegir"
"http://www.petnameslist.com/name-info/agent","Agent"
"http://www.petnameslist.com/name-info/alaska","Alaska"
"http://www.petnameslist.com/name-info/albiorix","Albiorix"
"http://www.petnameslist.com/name-info/ale","Ale"
"http://www.petnameslist.com/name-info/alfalfa","Alfalfa"
"http://www.petnameslist.com/name-info/algiers","Algiers"
"http://www.petnameslist.com/name-info/alpine","Alpine"
"http://www.petnameslist.com/name-info/alto","Alto"
"http://www.petnameslist.com/name-info/amalthea","Amalthea"
"http://www.petnameslist.com/name-info/amaretto","Amaretto"
"http://www.petnameslist.com/name-info/amber","Amber"
"http://www.petnameslist.com/name-info/amethyst","Amethyst"
"http://www.petnameslist.com/name-info/amos","Amos"
"http://www.petnameslist.com/name-info/amstel","Amstel"
"http://www.petnameslist.com/name-info/anaconda","Anaconda"
"http://www.petnameslist.com/name-info/ananke","Ananke"
"http://www.petnameslist.com/name-info/anchor","Anchor"
"http://www.petnameslist.com/name-info/anchovy","Anchovy"
"http://www.petnameslist.com/name-info/andaman","Andaman"
"http://www.petnameslist.com/name-info/andorra","Andorra"
"http://www.petnameslist.com/name-info/andrew","Andrew"
"http://www.petnameslist.com/name-info/angola","Angola"
"http://www.petnameslist.com/name-info/ani","Ani"
"http://www.petnameslist.com/name-info/anise","Anise"
"http://www.petnameslist.com/name-info/ankara","Ankara"
"http://www.petnameslist.com/name-info/antigua","Antigua"
"http://www.petnameslist.com/name-info/aphrodite","Aphrodite"
"http://www.petnameslist.com/name-info/apoc","Apoc"
"http://www.petnameslist.com/name-info/apollo","Apollo"
"http://www.petnameslist.com/name-info/appletini","Appletini"
"http://www.petnameslist.com/name-info/apricot","Apricot"
"http://www.petnameslist.com/name-info/apricot-2","Apricot"
"http://www.petnameslist.com/name-info/ares","Ares"
"http://www.petnameslist.com/name-info/aretha","Aretha"
"http://www.petnameslist.com/name-info/argentina","Argentina"
"http://www.petnameslist.com/name-info/ariel","Ariel"
"http://www.petnameslist.com/name-info/arizona","Arizona"
"http://www.petnameslist.com/name-info/arnold","Arnold"
"http://www.petnameslist.com/name-info/artemis","Artemis"
"http://www.petnameslist.com/name-info/arthur","Arthur"
"http://www.petnameslist.com/name-info/aruba","Aruba"
"http://www.petnameslist.com/name-info/ashrah","Ashrah"
"http://www.petnameslist.com/name-info/asmara","Asmara"
"http://www.petnameslist.com/name-info/aspen","Aspen"
"http://www.petnameslist.com/name-info/astro","Astro"
"http://www.petnameslist.com/name-info/athena","Athena"
"http://www.petnameslist.com/name-info/athens","Athens"
"http://www.petnameslist.com/name-info/atlas","Atlas"
"http://www.petnameslist.com/name-info/au-jus","Au Jus"
"http://www.petnameslist.com/name-info/augusta","Augusta"
"http://www.petnameslist.com/name-info/austin","Austin"
"http://www.petnameslist.com/name-info/austin-2","Austin"
"http://www.petnameslist.com/name-info/austria","Austria"
"http://www.petnameslist.com/name-info/avocado","Avocado"
"http://www.petnameslist.com/name-info/avril","Avril"
"http://www.petnameslist.com/name-info/baboon","Baboon"
"http://www.petnameslist.com/name-info/babushka","Babushka"
"http://www.petnameslist.com/name-info/bach","Bach"
"http://www.petnameslist.com/name-info/bacon","Bacon"
"http://www.petnameslist.com/name-info/bagger","Bagger"
"http://www.petnameslist.com/name-info/bagpipes","Bagpipes"
"http://www.petnameslist.com/name-info/bahama","Bahama"
"http://www.petnameslist.com/name-info/bailey","Bailey"
"http://www.petnameslist.com/name-info/baldy","Baldy"
"http://www.petnameslist.com/name-info/balky","Balky"
"http://www.petnameslist.com/name-info/balsa","Balsa"
"http://www.petnameslist.com/name-info/balthus","Balthus"
"http://www.petnameslist.com/name-info/bambi","Bambi"
"http://www.petnameslist.com/name-info/banana","Banana"
"http://www.petnameslist.com/name-info/bane","Bane"
"http://www.petnameslist.com/name-info/banjo","Banjo"
"http://www.petnameslist.com/name-info/baraka","Baraka"
"http://www.petnameslist.com/name-info/barbados","Barbados"
"http://www.petnameslist.com/name-info/barbara","Barbara"
"http://www.petnameslist.com/name-info/baritone","Baritone"
"http://www.petnameslist.com/name-info/barks","Barks"
"http://www.petnameslist.com/name-info/barky","Barky"
"http://www.petnameslist.com/name-info/barley","Barley"
"http://www.petnameslist.com/name-info/barnaby","Barnaby"
"http://www.petnameslist.com/name-info/barney","Barney"
"http://www.petnameslist.com/name-info/barry","Barry"
"http://www.petnameslist.com/name-info/bart","Bart"
"http://www.petnameslist.com/name-info/barth","Barth"
"http://www.petnameslist.com/name-info/basil","Basil"
"http://www.petnameslist.com/name-info/bass","Bass"
"http://www.petnameslist.com/name-info/bassoon","Bassoon"
"http://www.petnameslist.com/name-info/batman","Batman"
"http://www.petnameslist.com/name-info/bazooka","Bazooka"
"http://www.petnameslist.com/name-info/bean","Bean"
"http://www.petnameslist.com/name-info/beans","Beans"
"http://www.petnameslist.com/name-info/bear","Bear"
"http://www.petnameslist.com/name-info/beau","Beau"
"http://www.petnameslist.com/name-info/beauford","Beauford"
"http://www.petnameslist.com/name-info/beaver","Beaver"
"http://www.petnameslist.com/name-info/beaver-2","Beaver"
"http://www.petnameslist.com/name-info/beer","Beer"
"http://www.petnameslist.com/name-info/belafonte","Belafonte"
"http://www.petnameslist.com/name-info/belarus","Belarus"
"http://www.petnameslist.com/name-info/belgium","Belgium"
"http://www.petnameslist.com/name-info/belinda","Belinda"
"http://www.petnameslist.com/name-info/bella","Bella"
"http://www.petnameslist.com/name-info/belle","Belle"
"http://www.petnameslist.com/name-info/bellini","Bellini"
"http://www.petnameslist.com/name-info/belvedere","Belvedere"
"http://www.petnameslist.com/name-info/bengal","Bengal"
"http://www.petnameslist.com/name-info/benjamin","Benjamin"
"http://www.petnameslist.com/name-info/bergelmir","Bergelmir"
"http://www.petnameslist.com/name-info/berlin","Berlin"
"http://www.petnameslist.com/name-info/bermuda","Bermuda"
"http://www.petnameslist.com/name-info/bert","Bert"
"http://www.petnameslist.com/name-info/bertha","Bertha"
"http://www.petnameslist.com/name-info/bestla","Bestla"
"http://www.petnameslist.com/name-info/beth","Beth"
"http://www.petnameslist.com/name-info/bethany","Bethany"
"http://www.petnameslist.com/name-info/bette","Bette"
"http://www.petnameslist.com/name-info/betty","Betty"
"http://www.petnameslist.com/name-info/beulah","Beulah"
"http://www.petnameslist.com/name-info/beyonce","Beyonce"
"http://www.petnameslist.com/name-info/bianca","Bianca"
"http://www.petnameslist.com/name-info/biff","Biff"
"http://www.petnameslist.com/name-info/big-boy","Big Boy"
"http://www.petnameslist.com/name-info/big-girl","Big Girl"
"http://www.petnameslist.com/name-info/billy","Billy"
"http://www.petnameslist.com/name-info/binky","Binky"
"http://www.petnameslist.com/name-info/birdy","Birdy"
"http://www.petnameslist.com/name-info/bismarck","Bismarck"
"http://www.petnameslist.com/name-info/bistro","Bistro"
"http://www.petnameslist.com/name-info/biter","Biter"
"http://www.petnameslist.com/name-info/bjork","Bjork"
"http://www.petnameslist.com/name-info/bjorn","Bjorn"
"http://www.petnameslist.com/name-info/blackberry","Blackberry"
"http://www.petnameslist.com/name-info/blade","Blade"
"http://www.petnameslist.com/name-info/blake","Blake"
"http://www.petnameslist.com/name-info/blaze","Blaze"
"http://www.petnameslist.com/name-info/blizzard","Blizzard"
"http://www.petnameslist.com/name-info/blueberry","Blueberry"
"http://www.petnameslist.com/name-info/blueberry-2","Blueberry"
"http://www.petnameslist.com/name-info/bluto","Bluto"
"http://www.petnameslist.com/name-info/bo-rai-cho","Bo’ Rai Cho"
"http://www.petnameslist.com/name-info/boa","Boa"
"http://www.petnameslist.com/name-info/boar","Boar"
"http://www.petnameslist.com/name-info/bob","Bob"
"http://www.petnameslist.com/name-info/boba","Boba"
"http://www.petnameslist.com/name-info/bok-choy","Bok Choy"
"http://www.petnameslist.com/name-info/bok-choy-2","Bok Choy"
"http://www.petnameslist.com/name-info/bones","Bones"
"http://www.petnameslist.com/name-info/bongo","Bongo"
"http://www.petnameslist.com/name-info/bonnie","Bonnie"
"http://www.petnameslist.com/name-info/bonzai","Bonzai"
"http://www.petnameslist.com/name-info/booger","Booger"
"http://www.petnameslist.com/name-info/boop","Boop"
"http://www.petnameslist.com/name-info/boots","Boots"
"http://www.petnameslist.com/name-info/boris","Boris"
"http://www.petnameslist.com/name-info/borscht","Borscht"
"http://www.petnameslist.com/name-info/bourbon","Bourbon"
"http://www.petnameslist.com/name-info/bowie","Bowie"
"http://www.petnameslist.com/name-info/bowser","Bowser"
"http://www.petnameslist.com/name-info/brandy","Brandy"
"http://www.petnameslist.com/name-info/brasilia","Brasilia"
"http://www.petnameslist.com/name-info/brat","Brat"
"http://www.petnameslist.com/name-info/brazil","Brazil"
"http://www.petnameslist.com/name-info/brian","Brian"
"http://www.petnameslist.com/name-info/brie","Brie"
"http://www.petnameslist.com/name-info/britney","Britney"
"http://www.petnameslist.com/name-info/broccoli","Broccoli"
"http://www.petnameslist.com/name-info/bronco","Bronco"
"http://www.petnameslist.com/name-info/brownie","Brownie"
"http://www.petnameslist.com/name-info/brute","Brute"
"http://www.petnameslist.com/name-info/brutus","Brutus"
"http://www.petnameslist.com/name-info/bubba","Bubba"
"http://www.petnameslist.com/name-info/bubbles","Bubbles"
"http://www.petnameslist.com/name-info/buchanan","Buchanan"
"http://www.petnameslist.com/name-info/buck","Buck"
"http://www.petnameslist.com/name-info/buddy","Buddy"
"http://www.petnameslist.com/name-info/buffett","Buffett"
"http://www.petnameslist.com/name-info/buffy","Buffy"
"http://www.petnameslist.com/name-info/buggers","Buggers"
"http://www.petnameslist.com/name-info/bugle","Bugle"
"http://www.petnameslist.com/name-info/bull","Bull"
"http://www.petnameslist.com/name-info/bullwinkle","Bullwinkle"
"http://www.petnameslist.com/name-info/bundy","Bundy"
"http://www.petnameslist.com/name-info/bunny","Bunny"
"http://www.petnameslist.com/name-info/bunz","Bunz"
"http://www.petnameslist.com/name-info/burrito","Burrito"
"http://www.petnameslist.com/name-info/buster","Buster"
"http://www.petnameslist.com/name-info/butch","Butch"
"http://www.petnameslist.com/name-info/butters","Butters"
"http://www.petnameslist.com/name-info/buzz","Buzz"
"http://www.petnameslist.com/name-info/byron","Byron"
"http://www.petnameslist.com/name-info/cabbage","Cabbage"
"http://www.petnameslist.com/name-info/cabernet","Cabernet"
"http://www.petnameslist.com/name-info/caddy","Caddy"
"http://www.petnameslist.com/name-info/cairo","Cairo"
"http://www.petnameslist.com/name-info/caliban","Caliban"
"http://www.petnameslist.com/name-info/calliope","Calliope"
"http://www.petnameslist.com/name-info/callisto","Callisto"
"http://www.petnameslist.com/name-info/calvin","Calvin"
"http://www.petnameslist.com/name-info/calypso","Calypso"
"http://www.petnameslist.com/name-info/cameroon","Cameroon"
"http://www.petnameslist.com/name-info/canada","Canada"
"http://www.petnameslist.com/name-info/cannoli","Cannoli"
"http://www.petnameslist.com/name-info/cappuccino","Cappuccino"
"http://www.petnameslist.com/name-info/captain","Captain"
"http://www.petnameslist.com/name-info/caramel","Caramel"
"http://www.petnameslist.com/name-info/carey","Carey"
"http://www.petnameslist.com/name-info/carl","Carl"
"http://www.petnameslist.com/name-info/carlotta","Carlotta"
"http://www.petnameslist.com/name-info/carlton","Carlton"
"http://www.petnameslist.com/name-info/carmella","Carmella"
"http://www.petnameslist.com/name-info/carmine","Carmine"
"http://www.petnameslist.com/name-info/carol","Carol"
"http://www.petnameslist.com/name-info/carrot","Carrot"
"http://www.petnameslist.com/name-info/carter","Carter"
"http://www.petnameslist.com/name-info/casey","Casey"
"http://www.petnameslist.com/name-info/cashew","Cashew"
"http://www.petnameslist.com/name-info/cassandra","Cassandra"
"http://www.petnameslist.com/name-info/casserole","Casserole"
"http://www.petnameslist.com/name-info/cassidey","Cassidey"
"http://www.petnameslist.com/name-info/caviar","Caviar"
"http://www.petnameslist.com/name-info/cayenne","Cayenne"
"http://www.petnameslist.com/name-info/celery","Celery"
"http://www.petnameslist.com/name-info/celine","Celine"
"http://www.petnameslist.com/name-info/cello","Cello"
"http://www.petnameslist.com/name-info/cera","Cera"
"http://www.petnameslist.com/name-info/chaldene","Chaldene"
"http://www.petnameslist.com/name-info/chameleon","Chameleon"
"http://www.petnameslist.com/name-info/champ","Champ"
"http://www.petnameslist.com/name-info/champagne","Champagne"
"http://www.petnameslist.com/name-info/champion","Champion"
"http://www.petnameslist.com/name-info/chaperone","Chaperone"
"http://www.petnameslist.com/name-info/chappy","Chappy"
"http://www.petnameslist.com/name-info/chardonnay","Chardonnay"
"http://www.petnameslist.com/name-info/charles","Charles"
"http://www.petnameslist.com/name-info/charlie","Charlie"
"http://www.petnameslist.com/name-info/charlie-brown","Charlie Brown"
"http://www.petnameslist.com/name-info/charm","Charm"
"http://www.petnameslist.com/name-info/charon","Charon"
"http://www.petnameslist.com/name-info/chasm","Chasm"
"http://www.petnameslist.com/name-info/chastity","Chastity"
"http://www.petnameslist.com/name-info/cheddar","Cheddar"
"http://www.petnameslist.com/name-info/cheech","Cheech"
"http://www.petnameslist.com/name-info/cheeseball","Cheeseball"
"http://www.petnameslist.com/name-info/cheesecake","Cheesecake"
"http://www.petnameslist.com/name-info/cheesepuff","Cheesepuff"
"http://www.petnameslist.com/name-info/cheesy","Cheesy"
"http://www.petnameslist.com/name-info/cherry","Cherry"
"http://www.petnameslist.com/name-info/chestnut","Chestnut"
"http://www.petnameslist.com/name-info/cheyenne","Cheyenne"
"http://www.petnameslist.com/name-info/chickpea","Chickpea"
"http://www.petnameslist.com/name-info/chickpea-2","Chickpea"
"http://www.petnameslist.com/name-info/chief","Chief"
"http://www.petnameslist.com/name-info/chile","Chile"
"http://www.petnameslist.com/name-info/chili","Chili"
"http://www.petnameslist.com/name-info/chime","Chime"
"http://www.petnameslist.com/name-info/china","China"
"http://www.petnameslist.com/name-info/chipmunk","Chipmunk"
"http://www.petnameslist.com/name-info/chips","Chips"
"http://www.petnameslist.com/name-info/chives","Chives"
"http://www.petnameslist.com/name-info/chloe","Chloe"
"http://www.petnameslist.com/name-info/chocolate","Chocolate"
"http://www.petnameslist.com/name-info/chomper","Chomper"
"http://www.petnameslist.com/name-info/chomper-2","Chomper"
"http://www.petnameslist.com/name-info/chong","Chong"
"http://www.petnameslist.com/name-info/chop-suey","Chop Suey"
"http://www.petnameslist.com/name-info/chris","Chris"
"http://www.petnameslist.com/name-info/christina","Christina"
"http://www.petnameslist.com/name-info/chubby","Chubby"
"http://www.petnameslist.com/name-info/chubs","Chubs"
"http://www.petnameslist.com/name-info/chutney","Chutney"
"http://www.petnameslist.com/name-info/cider","Cider"
"http://www.petnameslist.com/name-info/cilantro","Cilantro"
"http://www.petnameslist.com/name-info/cinderella","Cinderella"
"http://www.petnameslist.com/name-info/cindy","Cindy"
"http://www.petnameslist.com/name-info/cinnamon","Cinnamon"
"http://www.petnameslist.com/name-info/claire","Claire"
"http://www.petnameslist.com/name-info/clarinet","Clarinet"
"http://www.petnameslist.com/name-info/clavichord","Clavichord"
"http://www.petnameslist.com/name-info/claws","Claws"
"http://www.petnameslist.com/name-info/clementine","Clementine"
"http://www.petnameslist.com/name-info/cletus","Cletus"
"http://www.petnameslist.com/name-info/cleveland","Cleveland"
"http://www.petnameslist.com/name-info/cliff","Cliff"
"http://www.petnameslist.com/name-info/clifford","Clifford"
"http://www.petnameslist.com/name-info/clinton","Clinton"
"http://www.petnameslist.com/name-info/cloud","Cloud"
"http://www.petnameslist.com/name-info/coach","Coach"
"http://www.petnameslist.com/name-info/coalson","Coalson"
"http://www.petnameslist.com/name-info/cob","Cob"
"http://www.petnameslist.com/name-info/cobain","Cobain"
"http://www.petnameslist.com/name-info/coconut","Coconut"
"http://www.petnameslist.com/name-info/coffee","Coffee"
"http://www.petnameslist.com/name-info/coffee-2","Coffee"
"http://www.petnameslist.com/name-info/cognac","Cognac"
"http://www.petnameslist.com/name-info/cola","Cola"
"http://www.petnameslist.com/name-info/colada","Colada"
"http://www.petnameslist.com/name-info/cole","Cole"
"http://www.petnameslist.com/name-info/colombia","Colombia"
"http://www.petnameslist.com/name-info/colonel","Colonel"
"http://www.petnameslist.com/name-info/comet","Comet"
"http://www.petnameslist.com/name-info/commander","Commander"
"http://www.petnameslist.com/name-info/conch","Conch"
"http://www.petnameslist.com/name-info/congo","Congo"
"http://www.petnameslist.com/name-info/conner","Conner"
"http://www.petnameslist.com/name-info/conrad-2","Conrad"
"http://www.petnameslist.com/name-info/cookie","Cookie"
"http://www.petnameslist.com/name-info/cooper","Cooper"
"http://www.petnameslist.com/name-info/coors","Coors"
"http://www.petnameslist.com/name-info/cordelia","Cordelia"
"http://www.petnameslist.com/name-info/corn","Corn"
"http://www.petnameslist.com/name-info/corn-dog","Corn Dog"
"http://www.petnameslist.com/name-info/corona","Corona"
"http://www.petnameslist.com/name-info/cosmo","Cosmo"
"http://www.petnameslist.com/name-info/cougar","Cougar"
"http://www.petnameslist.com/name-info/couscous","Couscous"
"http://www.petnameslist.com/name-info/cowbell","Cowbell"
"http://www.petnameslist.com/name-info/crabby","Crabby"
"http://www.petnameslist.com/name-info/cream-puff","Cream Puff"
"http://www.petnameslist.com/name-info/cressida","Cressida"
"http://www.petnameslist.com/name-info/crosby","Crosby"
"http://www.petnameslist.com/name-info/cub","Cub"
"http://www.petnameslist.com/name-info/cuba","Cuba"
"http://www.petnameslist.com/name-info/cuddles","Cuddles"
"http://www.petnameslist.com/name-info/cujo","Cujo"
"http://www.petnameslist.com/name-info/cupcake","Cupcake"
"http://www.petnameslist.com/name-info/cupid","Cupid"
"http://www.petnameslist.com/name-info/curly","Curly"
"http://www.petnameslist.com/name-info/curry","Curry"
"http://www.petnameslist.com/name-info/custard","Custard"
"http://www.petnameslist.com/name-info/cutie","Cutie"
"http://www.petnameslist.com/name-info/cyclone","Cyclone"
"http://www.petnameslist.com/name-info/cyllene","Cyllene"
"http://www.petnameslist.com/name-info/cymbal","Cymbal"
"http://www.petnameslist.com/name-info/cypher","Cypher"
"http://www.petnameslist.com/name-info/cyprus","Cyprus"
"http://www.petnameslist.com/name-info/cyprus-2","Cyprus"
"http://www.petnameslist.com/name-info/cyrax","Cyrax"
"http://www.petnameslist.com/name-info/daegon","Daegon"
"http://www.petnameslist.com/name-info/daffy","Daffy"
"http://www.petnameslist.com/name-info/dagwood","Dagwood"
"http://www.petnameslist.com/name-info/daiquiri","Daiquiri"
"http://www.petnameslist.com/name-info/dairou","Dairou"
"http://www.petnameslist.com/name-info/daisy","Daisy"
"http://www.petnameslist.com/name-info/dakar","Dakar"
"http://www.petnameslist.com/name-info/dale","Dale"
"http://www.petnameslist.com/name-info/dali","Dali"
"http://www.petnameslist.com/name-info/damascus","Damascus"
"http://www.petnameslist.com/name-info/dandy","Dandy"
"http://www.petnameslist.com/name-info/dante","Dante"
"http://www.petnameslist.com/name-info/daphnis","Daphnis"
"http://www.petnameslist.com/name-info/darius","Darius"
"http://www.petnameslist.com/name-info/darling","Darling"
"http://www.petnameslist.com/name-info/david","David"
"http://www.petnameslist.com/name-info/davy","Davy"
"http://www.petnameslist.com/name-info/deagan","Deagan"
"http://www.petnameslist.com/name-info/deb","Deb"
"http://www.petnameslist.com/name-info/debbie","Debbie"
"http://www.petnameslist.com/name-info/decaf","Decaf"
"http://www.petnameslist.com/name-info/deimos","Deimos"
"http://www.petnameslist.com/name-info/delilah","Delilah"
"http://www.petnameslist.com/name-info/delovely","DeLovely"
"http://www.petnameslist.com/name-info/demeter","Demeter"
"http://www.petnameslist.com/name-info/demon","Demon"
"http://www.petnameslist.com/name-info/denmark","Denmark"
"http://www.petnameslist.com/name-info/dennis","Dennis"
"http://www.petnameslist.com/name-info/denver","Denver"
"http://www.petnameslist.com/name-info/desdemona","Desdemona"
"http://www.petnameslist.com/name-info/desert","Desert"
"http://www.petnameslist.com/name-info/desoto","DeSoto"
"http://www.petnameslist.com/name-info/despina","Despina"
"http://www.petnameslist.com/name-info/diamond","Diamond"
"http://www.petnameslist.com/name-info/didgeridoo","Didgeridoo"
"http://www.petnameslist.com/name-info/dido","Dido"
"http://www.petnameslist.com/name-info/digger","Digger"
"http://www.petnameslist.com/name-info/dijon","Dijon"
"http://www.petnameslist.com/name-info/dilbert","Dilbert"
"http://www.petnameslist.com/name-info/dina","Dina"
"http://www.petnameslist.com/name-info/dingus","Dingus"
"http://www.petnameslist.com/name-info/dinky","Dinky"
"http://www.petnameslist.com/name-info/dino","Dino"
"http://www.petnameslist.com/name-info/dion","Dion"
"http://www.petnameslist.com/name-info/dionysus","Dionysus"
"http://www.petnameslist.com/name-info/dip","Dip"
"http://www.petnameslist.com/name-info/disaronno","Disaronno"
"http://www.petnameslist.com/name-info/diva","Diva"
"http://www.petnameslist.com/name-info/dizzy","Dizzy"
"http://www.petnameslist.com/name-info/dodger","Dodger"
"http://www.petnameslist.com/name-info/dodo","Dodo"
"http://www.petnameslist.com/name-info/dolly","Dolly"
"http://www.petnameslist.com/name-info/dominica","Dominica"
"http://www.petnameslist.com/name-info/domino","Domino"
"http://www.petnameslist.com/name-info/don","Don"
"http://www.petnameslist.com/name-info/donny","Donny"
"http://www.petnameslist.com/name-info/doodle","Doodle"
"http://www.petnameslist.com/name-info/doofus","Doofus"
"http://www.petnameslist.com/name-info/dopey","Dopey"
"http://www.petnameslist.com/name-info/doris","Doris"
"http://www.petnameslist.com/name-info/dork","Dork"
"http://www.petnameslist.com/name-info/dot","Dot"
"http://www.petnameslist.com/name-info/dotcom","Dotcom"
"http://www.petnameslist.com/name-info/dover","Dover"
"http://www.petnameslist.com/name-info/doyle","Doyle"
"http://www.petnameslist.com/name-info/dozer","Dozer"
"http://www.petnameslist.com/name-info/drahmin","Drahmin"
"http://www.petnameslist.com/name-info/dreamer","Dreamer"
"http://www.petnameslist.com/name-info/drizzle","Drizzle"
"http://www.petnameslist.com/name-info/drooley","Drooley"
"http://www.petnameslist.com/name-info/drums","Drums"
"http://www.petnameslist.com/name-info/dublin","Dublin"
"http://www.petnameslist.com/name-info/ducky","Ducky"
"http://www.petnameslist.com/name-info/duke","Duke"
"http://www.petnameslist.com/name-info/dulcimer","Dulcimer"
"http://www.petnameslist.com/name-info/dumper","Dumper"
"http://www.petnameslist.com/name-info/dumpling","Dumpling"
"http://www.petnameslist.com/name-info/dumpy","Dumpy"
"http://www.petnameslist.com/name-info/duncan","Duncan"
"http://www.petnameslist.com/name-info/dunce","Dunce"
"http://www.petnameslist.com/name-info/dune","Dune"
"http://www.petnameslist.com/name-info/earl","Earl"
"http://www.petnameslist.com/name-info/earnest","Earnest"
"http://www.petnameslist.com/name-info/ebenezeer","Ebenezeer"
"http://www.petnameslist.com/name-info/ebert","Ebert"
"http://www.petnameslist.com/name-info/ebony","Ebony"
"http://www.petnameslist.com/name-info/echo","Echo"
"http://www.petnameslist.com/name-info/eclipse","Eclipse"
"http://www.petnameslist.com/name-info/eddie","Eddie"
"http://www.petnameslist.com/name-info/eddison","Eddison"
"http://www.petnameslist.com/name-info/eddy","Eddy"
"http://www.petnameslist.com/name-info/edgar","Edgar"
"http://www.petnameslist.com/name-info/edith","Edith"
"http://www.petnameslist.com/name-info/edmond","Edmond"
"http://www.petnameslist.com/name-info/edna","Edna"
"http://www.petnameslist.com/name-info/edward","Edward"
"http://www.petnameslist.com/name-info/edward-2","Edward"
"http://www.petnameslist.com/name-info/edwin","Edwin"
"http://www.petnameslist.com/name-info/egger","Egger"
"http://www.petnameslist.com/name-info/eggmund","Eggmund"
"http://www.petnameslist.com/name-info/eggnog","Eggnog"
"http://www.petnameslist.com/name-info/egypt","Egypt"
"http://www.petnameslist.com/name-info/eileen","Eileen"
"http://www.petnameslist.com/name-info/einstein","Einstein"
"http://www.petnameslist.com/name-info/elaine","Elaine"
"http://www.petnameslist.com/name-info/elara","Elara"
"http://www.petnameslist.com/name-info/electra","Electra"
"http://www.petnameslist.com/name-info/eli","Eli"
"http://www.petnameslist.com/name-info/elijah","Elijah"
"http://www.petnameslist.com/name-info/elise","Elise"
"http://www.petnameslist.com/name-info/elita","Elita"
"http://www.petnameslist.com/name-info/elizabeth","Elizabeth"
"http://www.petnameslist.com/name-info/elkie","Elkie"
"http://www.petnameslist.com/name-info/ella","Ella"
"http://www.petnameslist.com/name-info/elle","Elle"
"http://www.petnameslist.com/name-info/ellen","Ellen"
"http://www.petnameslist.com/name-info/ellie","Ellie"
"http://www.petnameslist.com/name-info/elliot","Elliot"
"http://www.petnameslist.com/name-info/ellis","Ellis"
"http://www.petnameslist.com/name-info/elmer","Elmer"
"http://www.petnameslist.com/name-info/elmira","Elmira"
"http://www.petnameslist.com/name-info/elmo","Elmo"
"http://www.petnameslist.com/name-info/eloise","Eloise"
"http://www.petnameslist.com/name-info/elroy","Elroy"
"http://www.petnameslist.com/name-info/elsa","Elsa"
"http://www.petnameslist.com/name-info/elton","Elton"
"http://www.petnameslist.com/name-info/elvira","Elvira"
"http://www.petnameslist.com/name-info/elvis","Elvis"
"http://www.petnameslist.com/name-info/emerald","Emerald"
"http://www.petnameslist.com/name-info/emerson","Emerson"
"http://www.petnameslist.com/name-info/emilia","Emilia"
"http://www.petnameslist.com/name-info/emma","Emma"
"http://www.petnameslist.com/name-info/emmanuel","Emmanuel"
"http://www.petnameslist.com/name-info/emmet","Emmet"
"http://www.petnameslist.com/name-info/emmie","Emmie"
"http://www.petnameslist.com/name-info/emo","Emo"
"http://www.petnameslist.com/name-info/endive","Endive"
"http://www.petnameslist.com/name-info/enigma","Enigma"
"http://www.petnameslist.com/name-info/enola","Enola"
"http://www.petnameslist.com/name-info/enos","Enos"
"http://www.petnameslist.com/name-info/enrique","Enrique"
"http://www.petnameslist.com/name-info/enzo","Enzo"
"http://www.petnameslist.com/name-info/epimetheus","Epimetheus"
"http://www.petnameslist.com/name-info/erasmo","Erasmo"
"http://www.petnameslist.com/name-info/eric","Eric"
"http://www.petnameslist.com/name-info/erica","Erica"
"http://www.petnameslist.com/name-info/erin","Erin"
"http://www.petnameslist.com/name-info/erinome","Erinome"
"http://www.petnameslist.com/name-info/erma","Erma"
"http://www.petnameslist.com/name-info/ermac","Ermac"
"http://www.petnameslist.com/name-info/ernest","Ernest"
"http://www.petnameslist.com/name-info/erol","Erol"
"http://www.petnameslist.com/name-info/erp","Erp"
"http://www.petnameslist.com/name-info/erwin","Erwin"
"http://www.petnameslist.com/name-info/esmerelda","Esmerelda"
"http://www.petnameslist.com/name-info/esperanza","Esperanza"
"http://www.petnameslist.com/name-info/espresso","Espresso"
"http://www.petnameslist.com/name-info/esteban","Esteban"
"http://www.petnameslist.com/name-info/estefan","Estefan"
"http://www.petnameslist.com/name-info/estelle","Estelle"
"http://www.petnameslist.com/name-info/esther","Esther"
"http://www.petnameslist.com/name-info/ethan","Ethan"
"http://www.petnameslist.com/name-info/ethel","Ethel"
"http://www.petnameslist.com/name-info/etienne","Etienne"
"http://www.petnameslist.com/name-info/euclid","Euclid"
"http://www.petnameslist.com/name-info/eugene","Eugene"
"http://www.petnameslist.com/name-info/europa","Europa"
"http://www.petnameslist.com/name-info/eurydice","Eurydice"
"http://www.petnameslist.com/name-info/eva","Eva"
"http://www.petnameslist.com/name-info/evan","Evan"
"http://www.petnameslist.com/name-info/evelynn","Evelynn"
"http://www.petnameslist.com/name-info/everard","Everard"
"http://www.petnameslist.com/name-info/everest","Everest"
"http://www.petnameslist.com/name-info/evita","Evita"
"http://www.petnameslist.com/name-info/ewan","Ewan"
"http://www.petnameslist.com/name-info/excalibur","Excalibur"
"http://www.petnameslist.com/name-info/ezmerelda","Ezmerelda"
"http://www.petnameslist.com/name-info/fabio","Fabio"
"http://www.petnameslist.com/name-info/fagin","Fagin"
"http://www.petnameslist.com/name-info/faith","Faith"
"http://www.petnameslist.com/name-info/fajita","Fajita"
"http://www.petnameslist.com/name-info/falafel","Falafel"
"http://www.petnameslist.com/name-info/falco","Falco"
"http://www.petnameslist.com/name-info/falcon","Falcon"
"http://www.petnameslist.com/name-info/falcor","Falcor"
"http://www.petnameslist.com/name-info/falsetto","Falsetto"
"http://www.petnameslist.com/name-info/fancy","Fancy"
"http://www.petnameslist.com/name-info/farah","Farah"
"http://www.petnameslist.com/name-info/farfale","Farfale"
"http://www.petnameslist.com/name-info/farley","Farley"
"http://www.petnameslist.com/name-info/fatty","Fatty"
"http://www.petnameslist.com/name-info/fauna","Fauna"
"http://www.petnameslist.com/name-info/fawn","Fawn"
"http://www.petnameslist.com/name-info/faye","Faye"
"http://www.petnameslist.com/name-info/federico","Federico"
"http://www.petnameslist.com/name-info/feivel","Feivel"
"http://www.petnameslist.com/name-info/felicia","Felicia"
"http://www.petnameslist.com/name-info/felicity","Felicity"
"http://www.petnameslist.com/name-info/felipe","Felipe"
"http://www.petnameslist.com/name-info/fellah","Fellah"
"http://www.petnameslist.com/name-info/fennel","Fennel"
"http://www.petnameslist.com/name-info/fenton","Fenton"
"http://www.petnameslist.com/name-info/ferdinand","Ferdinand"
"http://www.petnameslist.com/name-info/fergie","Fergie"
"http://www.petnameslist.com/name-info/fergus","Fergus"
"http://www.petnameslist.com/name-info/ferguson","Ferguson"
"http://www.petnameslist.com/name-info/fern","Fern"
"http://www.petnameslist.com/name-info/fern-2","Fern"
"http://www.petnameslist.com/name-info/fernando","Fernando"
"http://www.petnameslist.com/name-info/ferris","Ferris"
"http://www.petnameslist.com/name-info/feta","Feta"
"http://www.petnameslist.com/name-info/fiddle","Fiddle"
"http://www.petnameslist.com/name-info/fido","Fido"
"http://www.petnameslist.com/name-info/fife","Fife"
"http://www.petnameslist.com/name-info/fifi","Fifi"
"http://www.petnameslist.com/name-info/fig","Fig"
"http://www.petnameslist.com/name-info/filbert","Filbert"
"http://www.petnameslist.com/name-info/fillmore","Fillmore"
"http://www.petnameslist.com/name-info/fionna","Fionna"
"http://www.petnameslist.com/name-info/fiorello","Fiorello"
"http://www.petnameslist.com/name-info/fireball","Fireball"
"http://www.petnameslist.com/name-info/fisher","Fisher"
"http://www.petnameslist.com/name-info/fisk","Fisk"
"http://www.petnameslist.com/name-info/fitzgerald","Fitzgerald"
"http://www.petnameslist.com/name-info/fitzpatrick","Fitzpatrick"
"http://www.petnameslist.com/name-info/fitzroy","Fitzroy"
"http://www.petnameslist.com/name-info/flair","Flair"
"http://www.petnameslist.com/name-info/flamer","Flamer"
"http://www.petnameslist.com/name-info/flanders","Flanders"
"http://www.petnameslist.com/name-info/flannagin","Flannagin"
"http://www.petnameslist.com/name-info/flapjack","Flapjack"
"http://www.petnameslist.com/name-info/flappy","Flappy"
"http://www.petnameslist.com/name-info/flash","Flash"
"http://www.petnameslist.com/name-info/flavius","Flavius"
"http://www.petnameslist.com/name-info/flemming","Flemming"
"http://www.petnameslist.com/name-info/fletcher","Fletcher"
"http://www.petnameslist.com/name-info/fleur","Fleur"
"http://www.petnameslist.com/name-info/flinn","Flinn"
"http://www.petnameslist.com/name-info/flint","Flint"
"http://www.petnameslist.com/name-info/floppy","Floppy"
"http://www.petnameslist.com/name-info/flora","Flora"
"http://www.petnameslist.com/name-info/floria","Floria"
"http://www.petnameslist.com/name-info/florida","Florida"
"http://www.petnameslist.com/name-info/flossie","Flossie"
"http://www.petnameslist.com/name-info/flotsam","Flotsam"
"http://www.petnameslist.com/name-info/flounder","Flounder"
"http://www.petnameslist.com/name-info/flower","Flower"
"http://www.petnameslist.com/name-info/floyd","Floyd"
"http://www.petnameslist.com/name-info/flubber","Flubber"
"http://www.petnameslist.com/name-info/fluffy","Fluffy"
"http://www.petnameslist.com/name-info/flurry","Flurry"
"http://www.petnameslist.com/name-info/flurry-2","Flurry"
"http://www.petnameslist.com/name-info/flute","Flute"
"http://www.petnameslist.com/name-info/flynn","Flynn"
"http://www.petnameslist.com/name-info/focker","Focker"
"http://www.petnameslist.com/name-info/fonda","Fonda"
"http://www.petnameslist.com/name-info/fontana","Fontana"
"http://www.petnameslist.com/name-info/fonzie","Fonzie"
"http://www.petnameslist.com/name-info/ford","Ford"
"http://www.petnameslist.com/name-info/forest","Forest"
"http://www.petnameslist.com/name-info/fornjot","Fornjot"
"http://www.petnameslist.com/name-info/fox","Fox"
"http://www.petnameslist.com/name-info/foxy","Foxy"
"http://www.petnameslist.com/name-info/fran","Fran"
"http://www.petnameslist.com/name-info/france","France"
"http://www.petnameslist.com/name-info/francis","Francis"
"http://www.petnameslist.com/name-info/francisco","Francisco"
"http://www.petnameslist.com/name-info/frank","Frank"
"http://www.petnameslist.com/name-info/frankenstine","Frankenstine"
"http://www.petnameslist.com/name-info/frankfurter","Frankfurter"
"http://www.petnameslist.com/name-info/franklin","Franklin"
"http://www.petnameslist.com/name-info/frannie","Frannie"
"http://www.petnameslist.com/name-info/franz","Franz"
"http://www.petnameslist.com/name-info/frasier","Frasier"
"http://www.petnameslist.com/name-info/freddy","Freddy"
"http://www.petnameslist.com/name-info/fresco","Fresco"
"http://www.petnameslist.com/name-info/frida","Frida"
"http://www.petnameslist.com/name-info/frida-2","Frida"
"http://www.petnameslist.com/name-info/friend","Friend"
"http://www.petnameslist.com/name-info/frisee","Frisee"
"http://www.petnameslist.com/name-info/frittata","Frittata"
"http://www.petnameslist.com/name-info/fritter","Fritter"
"http://www.petnameslist.com/name-info/fritz","Fritz"
"http://www.petnameslist.com/name-info/frost","Frost"
"http://www.petnameslist.com/name-info/fry","Fry"
"http://www.petnameslist.com/name-info/frylock","Frylock"
"http://www.petnameslist.com/name-info/fudge","Fudge"
"http://www.petnameslist.com/name-info/fuji","Fuji"
"http://www.petnameslist.com/name-info/fujin","Fujin"
"http://www.petnameslist.com/name-info/fulton","Fulton"
"http://www.petnameslist.com/name-info/furry","Furry"
"http://www.petnameslist.com/name-info/fuzzball","Fuzzball"
"http://www.petnameslist.com/name-info/fuzzy","Fuzzy"
"http://www.petnameslist.com/name-info/fyodor","Fyodor"
"http://www.petnameslist.com/name-info/gabriel","Gabriel"
"http://www.petnameslist.com/name-info/galatea","Galatea"
"http://www.petnameslist.com/name-info/ganymede","Ganymede"
"http://www.petnameslist.com/name-info/garbanzo","Garbanzo"
"http://www.petnameslist.com/name-info/garfield","Garfield"
"http://www.petnameslist.com/name-info/garlic","Garlic"
"http://www.petnameslist.com/name-info/gator","Gator"
"http://www.petnameslist.com/name-info/gaylord","Gaylord"
"http://www.petnameslist.com/name-info/geek","Geek"
"http://www.petnameslist.com/name-info/gem","Gem"
"http://www.petnameslist.com/name-info/genius","Genius"
"http://www.petnameslist.com/name-info/georgette","Georgette"
"http://www.petnameslist.com/name-info/georgia","Georgia"
"http://www.petnameslist.com/name-info/gertrude","Gertrude"
"http://www.petnameslist.com/name-info/gerty","Gerty"
"http://www.petnameslist.com/name-info/ghost","Ghost"
"http://www.petnameslist.com/name-info/ghost-rider","Ghost Rider"
"http://www.petnameslist.com/name-info/giblet","Giblet"
"http://www.petnameslist.com/name-info/giggles","Giggles"
"http://www.petnameslist.com/name-info/gilbert","Gilbert"
"http://www.petnameslist.com/name-info/gilligan","Gilligan"
"http://www.petnameslist.com/name-info/gin","Gin"
"http://www.petnameslist.com/name-info/ginger","Ginger"
"http://www.petnameslist.com/name-info/gingko","Gingko"
"http://www.petnameslist.com/name-info/gladiator","Gladiator"
"http://www.petnameslist.com/name-info/glam","Glam"
"http://www.petnameslist.com/name-info/glenlivet","Glenlivet"
"http://www.petnameslist.com/name-info/gloria","Gloria"
"http://www.petnameslist.com/name-info/gobi","Gobi"
"http://www.petnameslist.com/name-info/gong","Gong"
"http://www.petnameslist.com/name-info/goober","Goober"
"http://www.petnameslist.com/name-info/gooey","Gooey"
"http://www.petnameslist.com/name-info/goofy","Goofy"
"http://www.petnameslist.com/name-info/google","Google"
"http://www.petnameslist.com/name-info/goro","Goro"
"http://www.petnameslist.com/name-info/goulash","Goulash"
"http://www.petnameslist.com/name-info/grand-marnier","Grand Marnier"
"http://www.petnameslist.com/name-info/grant","Grant"
"http://www.petnameslist.com/name-info/grape","Grape"
"http://www.petnameslist.com/name-info/gravy","Gravy"
"http://www.petnameslist.com/name-info/greasy","Greasy"
"http://www.petnameslist.com/name-info/greco","Greco"
"http://www.petnameslist.com/name-info/gretel","Gretel"
"http://www.petnameslist.com/name-info/grimm","Grimm"
"http://www.petnameslist.com/name-info/grimsby","Grimsby"
"http://www.petnameslist.com/name-info/grinder","Grinder"
"http://www.petnameslist.com/name-info/gristle","Gristle"
"http://www.petnameslist.com/name-info/gromit","Gromit"
"http://www.petnameslist.com/name-info/groucho","Groucho"
"http://www.petnameslist.com/name-info/guacamole","Guacamole"
"http://www.petnameslist.com/name-info/guinea-pig","Guinea Pig"
"http://www.petnameslist.com/name-info/guitar","Guitar"
"http://www.petnameslist.com/name-info/gumbo","Gumbo"
"http://www.petnameslist.com/name-info/gummy-worm","Gummy Worm"
"http://www.petnameslist.com/name-info/gustavia","Gustavia"
"http://www.petnameslist.com/name-info/gwen","Gwen"
"http://www.petnameslist.com/name-info/habanero","Habanero"
"http://www.petnameslist.com/name-info/hades","Hades"
"http://www.petnameslist.com/name-info/ham","Ham"
"http://www.petnameslist.com/name-info/hamburger","Hamburger"
"http://www.petnameslist.com/name-info/hammer","Hammer"
"http://www.petnameslist.com/name-info/hanoi","Hanoi"
"http://www.petnameslist.com/name-info/hansel","Hansel"
"http://www.petnameslist.com/name-info/happy","Happy"
"http://www.petnameslist.com/name-info/harding","Harding"
"http://www.petnameslist.com/name-info/harmonica","Harmonica"
"http://www.petnameslist.com/name-info/harmony","Harmony"
"http://www.petnameslist.com/name-info/harp","Harp"
"http://www.petnameslist.com/name-info/harpsichord","Harpsichord"
"http://www.petnameslist.com/name-info/harrison","Harrison"
"http://www.petnameslist.com/name-info/harry","Harry"
"http://www.petnameslist.com/name-info/harvey","Harvey"
"http://www.petnameslist.com/name-info/hati","Hati"
"http://www.petnameslist.com/name-info/havana","Havana"
"http://www.petnameslist.com/name-info/havik","Havik"
"http://www.petnameslist.com/name-info/hawthorn","Hawthorn"
"http://www.petnameslist.com/name-info/hayes","Hayes"
"http://www.petnameslist.com/name-info/hazel","Hazel"
"http://www.petnameslist.com/name-info/he-man","He-Man"
"http://www.petnameslist.com/name-info/heckelphone","Heckelphone"
"http://www.petnameslist.com/name-info/heffer","Heffer"
"http://www.petnameslist.com/name-info/heineken","Heineken"
"http://www.petnameslist.com/name-info/helene","Helene"
"http://www.petnameslist.com/name-info/helga","Helga"
"http://www.petnameslist.com/name-info/hellboy","Hellboy"
"http://www.petnameslist.com/name-info/hellion","Hellion"
"http://www.petnameslist.com/name-info/hendrix","Hendrix"
"http://www.petnameslist.com/name-info/henley","Henley"
"http://www.petnameslist.com/name-info/hercules","Hercules"
"http://www.petnameslist.com/name-info/hermes","Hermes"
"http://www.petnameslist.com/name-info/hillary","Hillary"
"http://www.petnameslist.com/name-info/himalaya","Himalaya"
"http://www.petnameslist.com/name-info/himalia","Himalia"
"http://www.petnameslist.com/name-info/hippo","Hippo"
"http://www.petnameslist.com/name-info/hippo-2","Hippo"
"http://www.petnameslist.com/name-info/hoagie","Hoagie"
"http://www.petnameslist.com/name-info/holly","Holly"
"http://www.petnameslist.com/name-info/holmes","Holmes"
"http://www.petnameslist.com/name-info/homer","Homer"
"http://www.petnameslist.com/name-info/honey","Honey"
"http://www.petnameslist.com/name-info/honker","Honker"
"http://www.petnameslist.com/name-info/honky","Honky"
"http://www.petnameslist.com/name-info/hoover","Hoover"
"http://www.petnameslist.com/name-info/horn","Horn"
"http://www.petnameslist.com/name-info/horton","Horton"
"http://www.petnameslist.com/name-info/hot-chocolate","Hot Chocolate"
"http://www.petnameslist.com/name-info/hot-dog","Hot Dog"
"http://www.petnameslist.com/name-info/hot-toddy","Hot Toddy"
"http://www.petnameslist.com/name-info/hotaru","Hotaru"
"http://www.petnameslist.com/name-info/houston","Houston"
"http://www.petnameslist.com/name-info/howlie","Howlie"
"http://www.petnameslist.com/name-info/hsu-hao","Hsu Hao"
"http://www.petnameslist.com/name-info/huckleberry","Huckleberry"
"http://www.petnameslist.com/name-info/huffy","Huffy"
"http://www.petnameslist.com/name-info/hulk","Hulk"
"http://www.petnameslist.com/name-info/hydra","Hydra"
"http://www.petnameslist.com/name-info/hyperion","Hyperion"
"http://www.petnameslist.com/name-info/hyrrokkin","Hyrrokkin"
"http://www.petnameslist.com/name-info/iago","Iago"
"http://www.petnameslist.com/name-info/ian","Ian"
"http://www.petnameslist.com/name-info/icarus","Icarus"
"http://www.petnameslist.com/name-info/ice","Ice"
"http://www.petnameslist.com/name-info/ichabod","Ichabod"
"http://www.petnameslist.com/name-info/iggy","Iggy"
"http://www.petnameslist.com/name-info/ignacio","Ignacio"
"http://www.petnameslist.com/name-info/ignatius","Ignatius"
"http://www.petnameslist.com/name-info/igor","Igor"
"http://www.petnameslist.com/name-info/illiad","Illiad"
"http://www.petnameslist.com/name-info/illusion","Illusion"
"http://www.petnameslist.com/name-info/ilsa","Ilsa"
"http://www.petnameslist.com/name-info/inca","Inca"
"http://www.petnameslist.com/name-info/inchworm","Inchworm"
"http://www.petnameslist.com/name-info/india","India"
"http://www.petnameslist.com/name-info/indiana","Indiana"
"http://www.petnameslist.com/name-info/indigo","Indigo"
"http://www.petnameslist.com/name-info/indira","Indira"
"http://www.petnameslist.com/name-info/indy","Indy"
"http://www.petnameslist.com/name-info/inez","Inez"
"http://www.petnameslist.com/name-info/infinity","Infinity"
"http://www.petnameslist.com/name-info/ingrid","Ingrid"
"http://www.petnameslist.com/name-info/integrity","Integrity"
"http://www.petnameslist.com/name-info/intrepid","Intrepid"
"http://www.petnameslist.com/name-info/io","Io"
"http://www.petnameslist.com/name-info/iota","Iota"
"http://www.petnameslist.com/name-info/ira","Ira"
"http://www.petnameslist.com/name-info/irene","Irene"
"http://www.petnameslist.com/name-info/iris","Iris"
"http://www.petnameslist.com/name-info/irma","Irma"
"http://www.petnameslist.com/name-info/ironman","Ironman"
"http://www.petnameslist.com/name-info/irving","Irving"
"http://www.petnameslist.com/name-info/isadore","Isadore"
"http://www.petnameslist.com/name-info/isaiah","Isaiah"
"http://www.petnameslist.com/name-info/ishkabibble","Ishkabibble"
"http://www.petnameslist.com/name-info/ishmael","Ishmael"
"http://www.petnameslist.com/name-info/isis","Isis"
"http://www.petnameslist.com/name-info/itchy","Itchy"
"http://www.petnameslist.com/name-info/ithaca","Ithaca"
"http://www.petnameslist.com/name-info/ivan","Ivan"
"http://www.petnameslist.com/name-info/ivanhoe","Ivanhoe"
"http://www.petnameslist.com/name-info/ivanka","Ivanka"
"http://www.petnameslist.com/name-info/ivory","Ivory"
"http://www.petnameslist.com/name-info/ivy","Ivy"
"http://www.petnameslist.com/name-info/izod","Izod"
"http://www.petnameslist.com/name-info/izzie","Izzie"
"http://www.petnameslist.com/name-info/jackson","Jackson"
"http://www.petnameslist.com/name-info/jade","Jade"
"http://www.petnameslist.com/name-info/jaguar","Jaguar"
"http://www.petnameslist.com/name-info/jaguar-2","Jaguar"
"http://www.petnameslist.com/name-info/jakarta","Jakarta"
"http://www.petnameslist.com/name-info/jake","Jake"
"http://www.petnameslist.com/name-info/jalapeno","Jalapeno"
"http://www.petnameslist.com/name-info/jambalaya","Jambalaya"
"http://www.petnameslist.com/name-info/james","James"
"http://www.petnameslist.com/name-info/janet","Janet"
"http://www.petnameslist.com/name-info/janis","Janis"
"http://www.petnameslist.com/name-info/janus","Janus"
"http://www.petnameslist.com/name-info/jarek","Jarek"
"http://www.petnameslist.com/name-info/jarnsaxa","Jarnsaxa"
"http://www.petnameslist.com/name-info/jason","Jason"
"http://www.petnameslist.com/name-info/jasper","Jasper"
"http://www.petnameslist.com/name-info/jataaka","Jataaka"
"http://www.petnameslist.com/name-info/jax","Jax"
"http://www.petnameslist.com/name-info/jefferson","Jefferson"
"http://www.petnameslist.com/name-info/jello","Jello"
"http://www.petnameslist.com/name-info/jelly","Jelly"
"http://www.petnameslist.com/name-info/jennifer","Jennifer"
"http://www.petnameslist.com/name-info/jerky","Jerky"
"http://www.petnameslist.com/name-info/jerome","Jerome"
"http://www.petnameslist.com/name-info/jerry","Jerry"
"http://www.petnameslist.com/name-info/jester","Jester"
"http://www.petnameslist.com/name-info/jetsam","Jetsam"
"http://www.petnameslist.com/name-info/jewel","Jewel"
"http://www.petnameslist.com/name-info/jezebel","Jezebel"
"http://www.petnameslist.com/name-info/jicama","Jicama"
"http://www.petnameslist.com/name-info/jim","Jim"
"http://www.petnameslist.com/name-info/jinx","Jinx"
"http://www.petnameslist.com/name-info/jock","Jock"
"http://www.petnameslist.com/name-info/jock-2","Jock"
"http://www.petnameslist.com/name-info/joe","Joe"
"http://www.petnameslist.com/name-info/johnny-cage","Johnny Cage"
"http://www.petnameslist.com/name-info/johnson","Johnson"
"http://www.petnameslist.com/name-info/jon","Jon"
"http://www.petnameslist.com/name-info/jones","Jones"
"http://www.petnameslist.com/name-info/joplin","Joplin"
"http://www.petnameslist.com/name-info/joy","Joy"
"http://www.petnameslist.com/name-info/joyce","Joyce"
"http://www.petnameslist.com/name-info/julep","Julep"
"http://www.petnameslist.com/name-info/julie","Julie"
"http://www.petnameslist.com/name-info/juliet","Juliet"
"http://www.petnameslist.com/name-info/julius","Julius"
"http://www.petnameslist.com/name-info/jumper","Jumper"
"http://www.petnameslist.com/name-info/juneau","Juneau"
"http://www.petnameslist.com/name-info/jungle","Jungle"
"http://www.petnameslist.com/name-info/juniper","Juniper"
"http://www.petnameslist.com/name-info/kabal","Kabal"
"http://www.petnameslist.com/name-info/kabob","Kabob"
"http://www.petnameslist.com/name-info/kackles","Kackles"
"http://www.petnameslist.com/name-info/kahlua","Kahlua"
"http://www.petnameslist.com/name-info/kahn","Kahn"
"http://www.petnameslist.com/name-info/kai","Kai"
"http://www.petnameslist.com/name-info/kalahari","Kalahari"
"http://www.petnameslist.com/name-info/kale","Kale"
"http://www.petnameslist.com/name-info/kano","Kano"
"http://www.petnameslist.com/name-info/kansas","Kansas"
"http://www.petnameslist.com/name-info/kanye","Kanye"
"http://www.petnameslist.com/name-info/kazoo","Kazoo"
"http://www.petnameslist.com/name-info/kelly","Kelly"
"http://www.petnameslist.com/name-info/kennedy","Kennedy"
"http://www.petnameslist.com/name-info/kenneth","Kenneth"
"http://www.petnameslist.com/name-info/kenshi","Kenshi"
"http://www.petnameslist.com/name-info/kia","Kia"
"http://www.petnameslist.com/name-info/kicker","Kicker"
"http://www.petnameslist.com/name-info/kiev","Kiev"
"http://www.petnameslist.com/name-info/kilimanjaro","Kilimanjaro"
"http://www.petnameslist.com/name-info/king","King"
"http://www.petnameslist.com/name-info/kingston","Kingston"
"http://www.petnameslist.com/name-info/kintaro","Kintaro"
"http://www.petnameslist.com/name-info/kira","Kira"
"http://www.petnameslist.com/name-info/kitana","Kitana"
"http://www.petnameslist.com/name-info/kitty","Kitty"
"http://www.petnameslist.com/name-info/kiwi","Kiwi"
"http://www.petnameslist.com/name-info/knish","Knish"
"http://www.petnameslist.com/name-info/kore","Kore"
"http://www.petnameslist.com/name-info/kratos","Kratos"
"http://www.petnameslist.com/name-info/krutch","Krutch"
"http://www.petnameslist.com/name-info/kung-lao","Kung Lao"
"http://www.petnameslist.com/name-info/kurt","Kurt"
"http://www.petnameslist.com/name-info/kyle","Kyle"
"http://www.petnameslist.com/name-info/kylie","Kylie"
"http://www.petnameslist.com/name-info/lad","Lad"
"http://www.petnameslist.com/name-info/lady","Lady"
"http://www.petnameslist.com/name-info/ladybird","Ladybird"
"http://www.petnameslist.com/name-info/lamb-chop","Lamb Chop"
"http://www.petnameslist.com/name-info/lance","Lance"
"http://www.petnameslist.com/name-info/laomedeia","Laomedeia"
"http://www.petnameslist.com/name-info/larissa","Larissa"
"http://www.petnameslist.com/name-info/lasagna","Lasagna"
"http://www.petnameslist.com/name-info/lassie","Lassie"
"http://www.petnameslist.com/name-info/lauren","Lauren"
"http://www.petnameslist.com/name-info/lazarus","Lazarus"
"http://www.petnameslist.com/name-info/leader","Leader"
"http://www.petnameslist.com/name-info/leda","Leda"
"http://www.petnameslist.com/name-info/lee","Lee"
"http://www.petnameslist.com/name-info/lela","Lela"
"http://www.petnameslist.com/name-info/lemmiwinks","Lemmiwinks"
"http://www.petnameslist.com/name-info/lemon","Lemon"
"http://www.petnameslist.com/name-info/lemonade","Lemonade"
"http://www.petnameslist.com/name-info/lennon","Lennon"
"http://www.petnameslist.com/name-info/lentil","Lentil"
"http://www.petnameslist.com/name-info/li-mei","Li Mei"
"http://www.petnameslist.com/name-info/licker","Licker"
"http://www.petnameslist.com/name-info/licks","Licks"
"http://www.petnameslist.com/name-info/lightning","Lightning"
"http://www.petnameslist.com/name-info/lima","Lima"
"http://www.petnameslist.com/name-info/lime","Lime"
"http://www.petnameslist.com/name-info/lincoln","Lincoln"
"http://www.petnameslist.com/name-info/linda","Linda"
"http://www.petnameslist.com/name-info/link","Link"
"http://www.petnameslist.com/name-info/linus","Linus"
"http://www.petnameslist.com/name-info/lisa","Lisa"
"http://www.petnameslist.com/name-info/littlefoot","Littlefoot"
"http://www.petnameslist.com/name-info/liu-kang","Liu Kang"
"http://www.petnameslist.com/name-info/liza","Liza"
"http://www.petnameslist.com/name-info/lloyd","Lloyd"
"http://www.petnameslist.com/name-info/logan","Logan"
"http://www.petnameslist.com/name-info/lois","Lois"
"http://www.petnameslist.com/name-info/london","London"
"http://www.petnameslist.com/name-info/loner","Loner"
"http://www.petnameslist.com/name-info/lonnie","Lonnie"
"http://www.petnameslist.com/name-info/lou","Lou"
"http://www.petnameslist.com/name-info/louie","Louie"
"http://www.petnameslist.com/name-info/louis","Louis"
"http://www.petnameslist.com/name-info/lucky","Lucky"
"http://www.petnameslist.com/name-info/lucy","Lucy"
"http://www.petnameslist.com/name-info/ludacris","Ludacris"
"http://www.petnameslist.com/name-info/lute","Lute"
"http://www.petnameslist.com/name-info/lysithea","Lysithea"
"http://www.petnameslist.com/name-info/macaroni","Macaroni"
"http://www.petnameslist.com/name-info/madeline","Madeline"
"http://www.petnameslist.com/name-info/madison","Madison"
"http://www.petnameslist.com/name-info/madonna","Madonna"
"http://www.petnameslist.com/name-info/madrid","Madrid"
"http://www.petnameslist.com/name-info/maggie","Maggie"
"http://www.petnameslist.com/name-info/magnolia","Magnolia"
"http://www.petnameslist.com/name-info/mahogany","Mahogany"
"http://www.petnameslist.com/name-info/maitai","Maitai"
"http://www.petnameslist.com/name-info/maize","Maize"
"http://www.petnameslist.com/name-info/major","Major"
"http://www.petnameslist.com/name-info/malachi","Malachi"
"http://www.petnameslist.com/name-info/mammoth","Mammoth"
"http://www.petnameslist.com/name-info/mandolin","Mandolin"
"http://www.petnameslist.com/name-info/manet","Manet"
"http://www.petnameslist.com/name-info/mango","Mango"
"http://www.petnameslist.com/name-info/manila","Manila"
"http://www.petnameslist.com/name-info/manson","Manson"
"http://www.petnameslist.com/name-info/maraca","Maraca"
"http://www.petnameslist.com/name-info/marcy","Marcy"
"http://www.petnameslist.com/name-info/margaret","Margaret"
"http://www.petnameslist.com/name-info/margarita","Margarita"
"http://www.petnameslist.com/name-info/marge","Marge"
"http://www.petnameslist.com/name-info/mariah","Mariah"
"http://www.petnameslist.com/name-info/marilyn","Marilyn"
"http://www.petnameslist.com/name-info/marimba","Marimba"
"http://www.petnameslist.com/name-info/marley","Marley"
"http://www.petnameslist.com/name-info/marsh","Marsh"
"http://www.petnameslist.com/name-info/marshmallow","Marshmallow"
"http://www.petnameslist.com/name-info/martin","Martin"
"http://www.petnameslist.com/name-info/martini","Martini"
"http://www.petnameslist.com/name-info/marvin","Marvin"
"http://www.petnameslist.com/name-info/marx","Marx"
"http://www.petnameslist.com/name-info/mary","Mary"
"http://www.petnameslist.com/name-info/masala","Masala"
"http://www.petnameslist.com/name-info/matilda","Matilda"
"http://www.petnameslist.com/name-info/matterhorn","Matterhorn"
"http://www.petnameslist.com/name-info/mau-mau","Mau Mau"
"http://www.petnameslist.com/name-info/mavado","Mavado"
"http://www.petnameslist.com/name-info/maven","Maven"
"http://www.petnameslist.com/name-info/max","Max"
"http://www.petnameslist.com/name-info/mcgirk","McGirk"
"http://www.petnameslist.com/name-info/mcgruff","McGruff"
"http://www.petnameslist.com/name-info/meatball","Meatball"
"http://www.petnameslist.com/name-info/meatloaf","Meatloaf"
"http://www.petnameslist.com/name-info/meatwad","Meatwad"
"http://www.petnameslist.com/name-info/megaclite","Megaclite"
"http://www.petnameslist.com/name-info/megan","Megan"
"http://www.petnameslist.com/name-info/melissa","Melissa"
"http://www.petnameslist.com/name-info/melody","Melody"
"http://www.petnameslist.com/name-info/melvin","Melvin"
"http://www.petnameslist.com/name-info/meow","Meow"
"http://www.petnameslist.com/name-info/merlot","Merlot"
"http://www.petnameslist.com/name-info/merovingian","Merovingian"
"http://www.petnameslist.com/name-info/metis","Metis"
"http://www.petnameslist.com/name-info/michael","Michael"
"http://www.petnameslist.com/name-info/mickey","Mickey"
"http://www.petnameslist.com/name-info/midi","Midi"
"http://www.petnameslist.com/name-info/midnight","Midnight"
"http://www.petnameslist.com/name-info/midori","Midori"
"http://www.petnameslist.com/name-info/mighty-mouse","Mighty Mouse"
"http://www.petnameslist.com/name-info/mileena","Mileena"
"http://www.petnameslist.com/name-info/milhouse","Milhouse"
"http://www.petnameslist.com/name-info/milk-shake","Milk Shake"
"http://www.petnameslist.com/name-info/milky","Milky"
"http://www.petnameslist.com/name-info/miller","Miller"
"http://www.petnameslist.com/name-info/millhouse","Millhouse"
"http://www.petnameslist.com/name-info/milton","Milton"
"http://www.petnameslist.com/name-info/mimas","Mimas"
"http://www.petnameslist.com/name-info/mimi","Mimi"
"http://www.petnameslist.com/name-info/mimosa","Mimosa"
"http://www.petnameslist.com/name-info/mindy","Mindy"
"http://www.petnameslist.com/name-info/minnelli","Minnelli"
"http://www.petnameslist.com/name-info/minnie","Minnie"
"http://www.petnameslist.com/name-info/minnow","Minnow"
"http://www.petnameslist.com/name-info/mint","Mint"
"http://www.petnameslist.com/name-info/mirage","Mirage"
"http://www.petnameslist.com/name-info/miranda","Miranda"
"http://www.petnameslist.com/name-info/mischief","Mischief"
"http://www.petnameslist.com/name-info/mishka","Mishka"
"http://www.petnameslist.com/name-info/miso","Miso"
"http://www.petnameslist.com/name-info/misses","Misses"
"http://www.petnameslist.com/name-info/missy","Missy"
"http://www.petnameslist.com/name-info/mist","Mist"
"http://www.petnameslist.com/name-info/mister","Mister"
"http://www.petnameslist.com/name-info/misty","Misty"
"http://www.petnameslist.com/name-info/mitch","Mitch"
"http://www.petnameslist.com/name-info/mocha","Mocha"
"http://www.petnameslist.com/name-info/moe","Moe"
"http://www.petnameslist.com/name-info/mohave","Mohave"
"http://www.petnameslist.com/name-info/mojito","Mojito"
"http://www.petnameslist.com/name-info/mokap","Mokap"
"http://www.petnameslist.com/name-info/molly","Molly"
"http://www.petnameslist.com/name-info/moloch","Moloch"
"http://www.petnameslist.com/name-info/monaco","Monaco"
"http://www.petnameslist.com/name-info/monet","Monet"
"http://www.petnameslist.com/name-info/mongoose","Mongoose"
"http://www.petnameslist.com/name-info/monk","Monk"
"http://www.petnameslist.com/name-info/monkey","Monkey"
"http://www.petnameslist.com/name-info/monroe","Monroe"
"http://www.petnameslist.com/name-info/montague","Montague"
"http://www.petnameslist.com/name-info/montana","Montana"
"http://www.petnameslist.com/name-info/montgomery","Montgomery"
"http://www.petnameslist.com/name-info/moon","Moon"
"http://www.petnameslist.com/name-info/morpheus","Morpheus"
"http://www.petnameslist.com/name-info/morrison","Morrison"
"http://www.petnameslist.com/name-info/moscow","Moscow"
"http://www.petnameslist.com/name-info/motaro","Motaro"
"http://www.petnameslist.com/name-info/mouse","Mouse"
"http://www.petnameslist.com/name-info/mousse","Mousse"
"http://www.petnameslist.com/name-info/mr-peabody","Mr. Peabody"
"http://www.petnameslist.com/name-info/mudslide","Mudslide"
"http://www.petnameslist.com/name-info/mufasa","Mufasa"
"http://www.petnameslist.com/name-info/mung","Mung"
"http://www.petnameslist.com/name-info/munster","Munster"
"http://www.petnameslist.com/name-info/mustard","Mustard"
"http://www.petnameslist.com/name-info/myrtle","Myrtle"
"http://www.petnameslist.com/name-info/nacho","Nacho"
"http://www.petnameslist.com/name-info/nader","Nader"
"http://www.petnameslist.com/name-info/nairobi","Nairobi"
"http://www.petnameslist.com/name-info/nala","Nala"
"http://www.petnameslist.com/name-info/nanook","Nanook"
"http://www.petnameslist.com/name-info/narcissus","Narcissus"
"http://www.petnameslist.com/name-info/narvi","Narvi"
"http://www.petnameslist.com/name-info/nassau","Nassau"
"http://www.petnameslist.com/name-info/nat","Nat"
"http://www.petnameslist.com/name-info/natasha","Natasha"
"http://www.petnameslist.com/name-info/neil","Neil"
"http://www.petnameslist.com/name-info/nelson","Nelson"
"http://www.petnameslist.com/name-info/neo","Neo"
"http://www.petnameslist.com/name-info/nerd","Nerd"
"http://www.petnameslist.com/name-info/neso","Neso"
"http://www.petnameslist.com/name-info/nevada","Nevada"
"http://www.petnameslist.com/name-info/newton","Newton"
"http://www.petnameslist.com/name-info/nightwolf","Nightwolf"
"http://www.petnameslist.com/name-info/niobe","Niobe"
"http://www.petnameslist.com/name-info/nitara","Nitara"
"http://www.petnameslist.com/name-info/nixon","Nixon"
"http://www.petnameslist.com/name-info/noob-saibot","Noob Saibot"
"http://www.petnameslist.com/name-info/noodle","Noodle"
"http://www.petnameslist.com/name-info/noodles","Noodles"
"http://www.petnameslist.com/name-info/norton","Norton"
"http://www.petnameslist.com/name-info/nosy","Nosy"
"http://www.petnameslist.com/name-info/nutty","Nutty"
"http://www.petnameslist.com/name-info/odoyle","O’Doyle"
"http://www.petnameslist.com/name-info/oakley","Oakley"
"http://www.petnameslist.com/name-info/oasis","Oasis"
"http://www.petnameslist.com/name-info/oberon","Oberon"
"http://www.petnameslist.com/name-info/obie","Obie"
"http://www.petnameslist.com/name-info/oboe","Oboe"
"http://www.petnameslist.com/name-info/oboe-2","Oboe"
"http://www.petnameslist.com/name-info/obrien","Obrien"
"http://www.petnameslist.com/name-info/ocarina","Ocarina"
"http://www.petnameslist.com/name-info/oceana","Oceana"
"http://www.petnameslist.com/name-info/octavio","Octavio"
"http://www.petnameslist.com/name-info/oddny","Oddny"
"http://www.petnameslist.com/name-info/odell","Odell"
"http://www.petnameslist.com/name-info/odessa","Odessa"
"http://www.petnameslist.com/name-info/odette","Odette"
"http://www.petnameslist.com/name-info/odie","Odie"
"http://www.petnameslist.com/name-info/odin","Odin"
"http://www.petnameslist.com/name-info/odysseus","Odysseus"
"http://www.petnameslist.com/name-info/odyssey","Odyssey"
"http://www.petnameslist.com/name-info/oedipus","Oedipus"
"http://www.petnameslist.com/name-info/officer","Officer"
"http://www.petnameslist.com/name-info/ogden","Ogden"
"http://www.petnameslist.com/name-info/oglethorpe","Oglethorpe"
"http://www.petnameslist.com/name-info/ogre","Ogre"
"http://www.petnameslist.com/name-info/ohio","Ohio"
"http://www.petnameslist.com/name-info/oink","Oink"
"http://www.petnameslist.com/name-info/oj","OJ"
"http://www.petnameslist.com/name-info/okra","Okra"
"http://www.petnameslist.com/name-info/oksana","Oksana"
"http://www.petnameslist.com/name-info/ola","Ola"
"http://www.petnameslist.com/name-info/olaf","Olaf"
"http://www.petnameslist.com/name-info/ole","Ole"
"http://www.petnameslist.com/name-info/olga","Olga"
"http://www.petnameslist.com/name-info/olive","Olive"
"http://www.petnameslist.com/name-info/oliver","Oliver"
"http://www.petnameslist.com/name-info/olivia","Olivia"
"http://www.petnameslist.com/name-info/olivier","Olivier"
"http://www.petnameslist.com/name-info/ollie","Ollie"
"http://www.petnameslist.com/name-info/olympia","Olympia"
"http://www.petnameslist.com/name-info/olympus","Olympus"
"http://www.petnameslist.com/name-info/omar","Omar"
"http://www.petnameslist.com/name-info/omega","Omega"
"http://www.petnameslist.com/name-info/ona","Ona"
"http://www.petnameslist.com/name-info/onaga","Onaga"
"http://www.petnameslist.com/name-info/oneida","Oneida"
"http://www.petnameslist.com/name-info/onion","Onion"
"http://www.petnameslist.com/name-info/ono","Ono"
"http://www.petnameslist.com/name-info/onyx","Onyx"
"http://www.petnameslist.com/name-info/opal","Opal"
"http://www.petnameslist.com/name-info/ophelia","Ophelia"
"http://www.petnameslist.com/name-info/oprah","Oprah"
"http://www.petnameslist.com/name-info/oracle","Oracle"
"http://www.petnameslist.com/name-info/orca","Orca"
"http://www.petnameslist.com/name-info/orel","Orel"
"http://www.petnameslist.com/name-info/oreo","Oreo"
"http://www.petnameslist.com/name-info/organ","Organ"
"http://www.petnameslist.com/name-info/oriana","Oriana"
"http://www.petnameslist.com/name-info/oriel","Oriel"
"http://www.petnameslist.com/name-info/oriole","Oriole"
"http://www.petnameslist.com/name-info/orion","Orion"
"http://www.petnameslist.com/name-info/orlando","Orlando"
"http://www.petnameslist.com/name-info/orleans","Orleans"
"http://www.petnameslist.com/name-info/orly","Orly"
"http://www.petnameslist.com/name-info/orpheus","Orpheus"
"http://www.petnameslist.com/name-info/orson","Orson"
"http://www.petnameslist.com/name-info/orville","Orville"
"http://www.petnameslist.com/name-info/osborne","Osborne"
"http://www.petnameslist.com/name-info/osbourne","Osbourne"
"http://www.petnameslist.com/name-info/oscar","Oscar"
"http://www.petnameslist.com/name-info/osiris","Osiris"
"http://www.petnameslist.com/name-info/oslo","Oslo"
"http://www.petnameslist.com/name-info/osmond","Osmond"
"http://www.petnameslist.com/name-info/ossie","Ossie"
"http://www.petnameslist.com/name-info/oswald","Oswald"
"http://www.petnameslist.com/name-info/othello","Othello"
"http://www.petnameslist.com/name-info/otis","Otis"
"http://www.petnameslist.com/name-info/ottawa","Ottawa"
"http://www.petnameslist.com/name-info/otto","Otto"
"http://www.petnameslist.com/name-info/owen","Owen"
"http://www.petnameslist.com/name-info/oxford","Oxford"
"http://www.petnameslist.com/name-info/oz","Oz"
"http://www.petnameslist.com/name-info/ozzy","Ozzy"
"http://www.petnameslist.com/name-info/paaliaq","Paaliaq"
"http://www.petnameslist.com/name-info/paddington","Paddington"
"http://www.petnameslist.com/name-info/pancake","Pancake"
"http://www.petnameslist.com/name-info/pandora","Pandora"
"http://www.petnameslist.com/name-info/panther","Panther"
"http://www.petnameslist.com/name-info/paparazzi","Paparazzi"
"http://www.petnameslist.com/name-info/paprika","Paprika"
"http://www.petnameslist.com/name-info/paris","Paris"
"http://www.petnameslist.com/name-info/parsley","Parsley"
"http://www.petnameslist.com/name-info/pasiphae","Pasiphae"
"http://www.petnameslist.com/name-info/pastry","Pastry"
"http://www.petnameslist.com/name-info/pat","Pat"
"http://www.petnameslist.com/name-info/patagonia","Patagonia"
"http://www.petnameslist.com/name-info/patch","Patch"
"http://www.petnameslist.com/name-info/paul","Paul"
"http://www.petnameslist.com/name-info/paula","Paula"
"http://www.petnameslist.com/name-info/peach","Peach"
"http://www.petnameslist.com/name-info/peanut","Peanut"
"http://www.petnameslist.com/name-info/peanut-2","Peanut"
"http://www.petnameslist.com/name-info/pear","Pear"
"http://www.petnameslist.com/name-info/pearl","Pearl"
"http://www.petnameslist.com/name-info/pedro","Pedro"
"http://www.petnameslist.com/name-info/peg","Peg"
"http://www.petnameslist.com/name-info/penelope","Penelope"
"http://www.petnameslist.com/name-info/pepper","Pepper"
"http://www.petnameslist.com/name-info/peppermint","Peppermint"
"http://www.petnameslist.com/name-info/percy","Percy"
"http://www.petnameslist.com/name-info/perdita","Perdita"
"http://www.petnameslist.com/name-info/perm","Perm"
"http://www.petnameslist.com/name-info/perrier","Perrier"
"http://www.petnameslist.com/name-info/perry","Perry"
"http://www.petnameslist.com/name-info/persephone","Persephone"
"http://www.petnameslist.com/name-info/persimmon","Persimmon"
"http://www.petnameslist.com/name-info/pesto","Pesto"
"http://www.petnameslist.com/name-info/peter","Peter"
"http://www.petnameslist.com/name-info/petrie","Petrie"
"http://www.petnameslist.com/name-info/phobos","Phobos"
"http://www.petnameslist.com/name-info/phoebe","Phoebe"
"http://www.petnameslist.com/name-info/phoenix","Phoenix"
"http://www.petnameslist.com/name-info/piano","Piano"
"http://www.petnameslist.com/name-info/picasso","Picasso"
"http://www.petnameslist.com/name-info/piccolo","Piccolo"
"http://www.petnameslist.com/name-info/pickle","Pickle"
"http://www.petnameslist.com/name-info/pierce","Pierce"
"http://www.petnameslist.com/name-info/pierre","Pierre"
"http://www.petnameslist.com/name-info/pig","Pig"
"http://www.petnameslist.com/name-info/piggy","Piggy"
"http://www.petnameslist.com/name-info/piglet","Piglet"
"http://www.petnameslist.com/name-info/pigpen","Pigpen"
"http://www.petnameslist.com/name-info/pine","Pine"
"http://www.petnameslist.com/name-info/pineapple","Pineapple"
"http://www.petnameslist.com/name-info/pink","Pink"
"http://www.petnameslist.com/name-info/pinot-grigio","Pinot Grigio"
"http://www.petnameslist.com/name-info/pinot-noir","Pinot Noir"
"http://www.petnameslist.com/name-info/pistachio","Pistachio"
"http://www.petnameslist.com/name-info/pita","Pita"
"http://www.petnameslist.com/name-info/pitty","Pitty"
"http://www.petnameslist.com/name-info/pizaz","Pizaz"
"http://www.petnameslist.com/name-info/plum","Plum"
"http://www.petnameslist.com/name-info/pluto","Pluto"
"http://www.petnameslist.com/name-info/pocahontas","Pocahontas"
"http://www.petnameslist.com/name-info/poindexter","Poindexter"
"http://www.petnameslist.com/name-info/polly","Polly"
"http://www.petnameslist.com/name-info/pom-pom","Pom Pom"
"http://www.petnameslist.com/name-info/pomegranate","Pomegranate"
"http://www.petnameslist.com/name-info/poodle","Poodle"
"http://www.petnameslist.com/name-info/poof","Poof"
"http://www.petnameslist.com/name-info/poofy","Poofy"
"http://www.petnameslist.com/name-info/poopy","Poopy"
"http://www.petnameslist.com/name-info/popcorn","Popcorn"
"http://www.petnameslist.com/name-info/popeye","Popeye"
"http://www.petnameslist.com/name-info/poplar","Poplar"
"http://www.petnameslist.com/name-info/pops","Pops"
"http://www.petnameslist.com/name-info/pork-chop","Pork Chop"
"http://www.petnameslist.com/name-info/portia","Portia"
"http://www.petnameslist.com/name-info/poseidon","Poseidon"
"http://www.petnameslist.com/name-info/poser","Poser"
"http://www.petnameslist.com/name-info/potato","Potato"
"http://www.petnameslist.com/name-info/powder","Powder"
"http://www.petnameslist.com/name-info/powderpuff","Powderpuff"
"http://www.petnameslist.com/name-info/powerpuff","Powerpuff"
"http://www.petnameslist.com/name-info/prancer","Prancer"
"http://www.petnameslist.com/name-info/prince","Prince"
"http://www.petnameslist.com/name-info/princess","Princess"
"http://www.petnameslist.com/name-info/prissy","Prissy"
"http://www.petnameslist.com/name-info/private","Private"
"http://www.petnameslist.com/name-info/professor-x","Professor X"
"http://www.petnameslist.com/name-info/prometheus","Prometheus"
"http://www.petnameslist.com/name-info/prospero","Prospero"
"http://www.petnameslist.com/name-info/proteus","Proteus"
"http://www.petnameslist.com/name-info/psycho","Psycho"
"http://www.petnameslist.com/name-info/puck","Puck"
"http://www.petnameslist.com/name-info/pudding","Pudding"
"http://www.petnameslist.com/name-info/puddles","Puddles"
"http://www.petnameslist.com/name-info/pumbaa","Pumbaa"
"http://www.petnameslist.com/name-info/pumpkin","Pumpkin"
"http://www.petnameslist.com/name-info/punch","Punch"
"http://www.petnameslist.com/name-info/quack","Quack"
"http://www.petnameslist.com/name-info/quaid","Quaid"
"http://www.petnameslist.com/name-info/quan-chi","Quan Chi"
"http://www.petnameslist.com/name-info/queen","Queen"
"http://www.petnameslist.com/name-info/quentin","Quentin"
"http://www.petnameslist.com/name-info/quest","Quest"
"http://www.petnameslist.com/name-info/quicksilver","Quicksilver"
"http://www.petnameslist.com/name-info/quigley","Quigley"
"http://www.petnameslist.com/name-info/quimby","Quimby"
"http://www.petnameslist.com/name-info/quincy","Quincy"
"http://www.petnameslist.com/name-info/quinlan","Quinlan"
"http://www.petnameslist.com/name-info/quinn","Quinn"
"http://www.petnameslist.com/name-info/quint","Quint"
"http://www.petnameslist.com/name-info/rackett","Rackett"
"http://www.petnameslist.com/name-info/radish","Radish"
"http://www.petnameslist.com/name-info/rafiki","Rafiki"
"http://www.petnameslist.com/name-info/raiden","Raiden"
"http://www.petnameslist.com/name-info/rain","Rain"
"http://www.petnameslist.com/name-info/rainey","Rainey"
"http://www.petnameslist.com/name-info/raisin","Raisin"
"http://www.petnameslist.com/name-info/ralph","Ralph"
"http://www.petnameslist.com/name-info/ranier","Ranier"
"http://www.petnameslist.com/name-info/raspberry","Raspberry"
"http://www.petnameslist.com/name-info/rat","Rat"
"http://www.petnameslist.com/name-info/ratatouille","Ratatouille"
"http://www.petnameslist.com/name-info/rattle","Rattle"
"http://www.petnameslist.com/name-info/raven","Raven"
"http://www.petnameslist.com/name-info/ray","Ray"
"http://www.petnameslist.com/name-info/reagan","Reagan"
"http://www.petnameslist.com/name-info/reba","Reba"
"http://www.petnameslist.com/name-info/red-bull","Red Bull"
"http://www.petnameslist.com/name-info/redneck","Redneck"
"http://www.petnameslist.com/name-info/reiko","Reiko"
"http://www.petnameslist.com/name-info/rembrandt","Rembrandt"
"http://www.petnameslist.com/name-info/ren","Ren"
"http://www.petnameslist.com/name-info/renoir","Renoir"
"http://www.petnameslist.com/name-info/rerun","Rerun"
"http://www.petnameslist.com/name-info/rhea","Rhea"
"http://www.petnameslist.com/name-info/rhubarb","Rhubarb"
"http://www.petnameslist.com/name-info/ribeye","Ribeye"
"http://www.petnameslist.com/name-info/riblet","Riblet"
"http://www.petnameslist.com/name-info/ricky","Ricky"
"http://www.petnameslist.com/name-info/riley","Riley"
"http://www.petnameslist.com/name-info/rin-tin-tin","Rin Tin Tin"
"http://www.petnameslist.com/name-info/riptide","Riptide"
"http://www.petnameslist.com/name-info/rita","Rita"
"http://www.petnameslist.com/name-info/rob-roy","Rob Roy"
"http://www.petnameslist.com/name-info/robert","Robert"
"http://www.petnameslist.com/name-info/rocky","Rocky"
"http://www.petnameslist.com/name-info/rod","Rod"
"http://www.petnameslist.com/name-info/rodeo","Rodeo"
"http://www.petnameslist.com/name-info/roger","Roger"
"http://www.petnameslist.com/name-info/roller","Roller"
"http://www.petnameslist.com/name-info/rollins","Rollins"
"http://www.petnameslist.com/name-info/rolly","Rolly"
"http://www.petnameslist.com/name-info/rome","Rome"
"http://www.petnameslist.com/name-info/roosevelt","Roosevelt"
"http://www.petnameslist.com/name-info/root-beer","Root Beer"
"http://www.petnameslist.com/name-info/rosalind","Rosalind"
"http://www.petnameslist.com/name-info/roscoe","Roscoe"
"http://www.petnameslist.com/name-info/rose","Rose"
"http://www.petnameslist.com/name-info/rosemary","Rosemary"
"http://www.petnameslist.com/name-info/rover","Rover"
"http://www.petnameslist.com/name-info/roxy","Roxy"
"http://www.petnameslist.com/name-info/roy","Roy"
"http://www.petnameslist.com/name-info/rubble","Rubble"
"http://www.petnameslist.com/name-info/ruby","Ruby"
"http://www.petnameslist.com/name-info/rum","Rum"
"http://www.petnameslist.com/name-info/saber","Saber"
"http://www.petnameslist.com/name-info/sable","Sable"
"http://www.petnameslist.com/name-info/sadie","Sadie"
"http://www.petnameslist.com/name-info/sage","Sage"
"http://www.petnameslist.com/name-info/saguaro","Saguaro"
"http://www.petnameslist.com/name-info/sahara","Sahara"
"http://www.petnameslist.com/name-info/salem","Salem"
"http://www.petnameslist.com/name-info/salisbury","Salisbury"
"http://www.petnameslist.com/name-info/sally","Sally"
"http://www.petnameslist.com/name-info/salsa","Salsa"
"http://www.petnameslist.com/name-info/sam","Sam"
"http://www.petnameslist.com/name-info/samantha","Samantha"
"http://www.petnameslist.com/name-info/sambuca","Sambuca"
"http://www.petnameslist.com/name-info/sampson","Sampson"
"http://www.petnameslist.com/name-info/sampson-2","Sampson"
"http://www.petnameslist.com/name-info/sangria","Sangria"
"http://www.petnameslist.com/name-info/santiago","Santiago"
"http://www.petnameslist.com/name-info/sao","Sao"
"http://www.petnameslist.com/name-info/sap","Sap"
"http://www.petnameslist.com/name-info/sapphire","Sapphire"
"http://www.petnameslist.com/name-info/sappy","Sappy"
"http://www.petnameslist.com/name-info/sarabi","Sarabi"
"http://www.petnameslist.com/name-info/sarafina","Sarafina"
"http://www.petnameslist.com/name-info/sarah","Sarah"
"http://www.petnameslist.com/name-info/sareena","Sareena"
"http://www.petnameslist.com/name-info/sarge","Sarge"
"http://www.petnameslist.com/name-info/sasquatch","Sasquatch"
"http://www.petnameslist.com/name-info/sassy","Sassy"
"http://www.petnameslist.com/name-info/sausage","Sausage"
"http://www.petnameslist.com/name-info/sauvignon","Sauvignon"
"http://www.petnameslist.com/name-info/savannah","Savannah"
"http://www.petnameslist.com/name-info/sax","Sax"
"http://www.petnameslist.com/name-info/saxophone","Saxophone"
"http://www.petnameslist.com/name-info/scab","Scab"
"http://www.petnameslist.com/name-info/scampi","Scampi"
"http://www.petnameslist.com/name-info/scar","Scar"
"http://www.petnameslist.com/name-info/schroeder","Schroeder"
"http://www.petnameslist.com/name-info/scone","Scone"
"http://www.petnameslist.com/name-info/scooby-doo","Scooby Doo"
"http://www.petnameslist.com/name-info/scorpion","Scorpion"
"http://www.petnameslist.com/name-info/scotch","Scotch"
"http://www.petnameslist.com/name-info/scratchy","Scratchy"
"http://www.petnameslist.com/name-info/scuttle","Scuttle"
"http://www.petnameslist.com/name-info/sea-breeze","Sea Breeze"
"http://www.petnameslist.com/name-info/sean","Sean"
"http://www.petnameslist.com/name-info/sebastian","Sebastian"
"http://www.petnameslist.com/name-info/sektor","Sektor"
"http://www.petnameslist.com/name-info/selena","Selena"
"http://www.petnameslist.com/name-info/selma","Selma"
"http://www.petnameslist.com/name-info/sequoia","Sequoia"
"http://www.petnameslist.com/name-info/seraph","Seraph"
"http://www.petnameslist.com/name-info/serena","Serena"
"http://www.petnameslist.com/name-info/setebos","Setebos"
"http://www.petnameslist.com/name-info/shack","Shack"
"http://www.petnameslist.com/name-info/shades","Shades"
"http://www.petnameslist.com/name-info/shadow","Shadow"
"http://www.petnameslist.com/name-info/shady","Shady"
"http://www.petnameslist.com/name-info/shaggy","Shaggy"
"http://www.petnameslist.com/name-info/shakira","Shakira"
"http://www.petnameslist.com/name-info/shallot","Shallot"
"http://www.petnameslist.com/name-info/shang-tsung","Shang Tsung"
"http://www.petnameslist.com/name-info/shania","Shania"
"http://www.petnameslist.com/name-info/shannon","Shannon"
"http://www.petnameslist.com/name-info/shao-kahn","Shao Kahn"
"http://www.petnameslist.com/name-info/sharptooth","Sharptooth"
"http://www.petnameslist.com/name-info/sheeva","Sheeva"
"http://www.petnameslist.com/name-info/shenzi","Shenzi"
"http://www.petnameslist.com/name-info/sherlock","Sherlock"
"http://www.petnameslist.com/name-info/sheryl","Sheryl"
"http://www.petnameslist.com/name-info/shinnok","Shinnok"
"http://www.petnameslist.com/name-info/shiraz","Shiraz"
"http://www.petnameslist.com/name-info/shirley","Shirley"
"http://www.petnameslist.com/name-info/shortcake","Shortcake"
"http://www.petnameslist.com/name-info/shujinko","Shujinko"
"http://www.petnameslist.com/name-info/siarnaq","Siarnaq"
"http://www.petnameslist.com/name-info/silly","Silly"
"http://www.petnameslist.com/name-info/simba","Simba"
"http://www.petnameslist.com/name-info/simon","Simon"
"http://www.petnameslist.com/name-info/sinatra","Sinatra"
"http://www.petnameslist.com/name-info/sindel","Sindel"
"http://www.petnameslist.com/name-info/sinead","Sinead"
"http://www.petnameslist.com/name-info/sinope","Sinope"
"http://www.petnameslist.com/name-info/skathi","Skathi"
"http://www.petnameslist.com/name-info/skipper","Skipper"
"http://www.petnameslist.com/name-info/skitters","Skitters"
"http://www.petnameslist.com/name-info/slappy","Slappy"
"http://www.petnameslist.com/name-info/slayer","Slayer"
"http://www.petnameslist.com/name-info/sleepy","Sleepy"
"http://www.petnameslist.com/name-info/slick","Slick"
"http://www.petnameslist.com/name-info/slicker","Slicker"
"http://www.petnameslist.com/name-info/slider","Slider"
"http://www.petnameslist.com/name-info/slimer","Slimer"
"http://www.petnameslist.com/name-info/slippy","Slippy"
"http://www.petnameslist.com/name-info/slobbers","Slobbers"
"http://www.petnameslist.com/name-info/sloppy-joe","Sloppy Joe"
"http://www.petnameslist.com/name-info/sloth","Sloth"
"http://www.petnameslist.com/name-info/slurpee","Slurpee"
"http://www.petnameslist.com/name-info/slushie","Slushie"
"http://www.petnameslist.com/name-info/smarty","Smarty"
"http://www.petnameslist.com/name-info/smiley","Smiley"
"http://www.petnameslist.com/name-info/smirnoff","Smirnoff"
"http://www.petnameslist.com/name-info/smith","Smith"
"http://www.petnameslist.com/name-info/smoke","Smoke"
"http://www.petnameslist.com/name-info/smokey","Smokey"
"http://www.petnameslist.com/name-info/smoothie","Smoothie"
"http://www.petnameslist.com/name-info/smurf","Smurf"
"http://www.petnameslist.com/name-info/snake","Snake"
"http://www.petnameslist.com/name-info/snare","Snare"
"http://www.petnameslist.com/name-info/sniffy","Sniffy"
"http://www.petnameslist.com/name-info/snoopy","Snoopy"
"http://www.petnameslist.com/name-info/snork","Snork"
"http://www.petnameslist.com/name-info/snow","Snow"
"http://www.petnameslist.com/name-info/snow-white","Snow White"
"http://www.petnameslist.com/name-info/snowflake","Snowflake"
"http://www.petnameslist.com/name-info/socks","Socks"
"http://www.petnameslist.com/name-info/soda","Soda"
"http://www.petnameslist.com/name-info/softy","Softy"
"http://www.petnameslist.com/name-info/sonny","Sonny"
"http://www.petnameslist.com/name-info/sonya","Sonya"
"http://www.petnameslist.com/name-info/soprano","Soprano"
"http://www.petnameslist.com/name-info/sorbet","Sorbet"
"http://www.petnameslist.com/name-info/sourpuss","Sourpuss"
"http://www.petnameslist.com/name-info/space-case","Space Case"
"http://www.petnameslist.com/name-info/spades","Spades"
"http://www.petnameslist.com/name-info/spam","Spam"
"http://www.petnameslist.com/name-info/spanky","Spanky"
"http://www.petnameslist.com/name-info/spaz","Spaz"
"http://www.petnameslist.com/name-info/spiderman","Spiderman"
"http://www.petnameslist.com/name-info/spike","Spike"
"http://www.petnameslist.com/name-info/spirit","Spirit"
"http://www.petnameslist.com/name-info/spock","Spock"
"http://www.petnameslist.com/name-info/spoons","Spoons"
"http://www.petnameslist.com/name-info/spot","Spot"
"http://www.petnameslist.com/name-info/sprinkles","Sprinkles"
"http://www.petnameslist.com/name-info/sprite","Sprite"
"http://www.petnameslist.com/name-info/spruce","Spruce"
"http://www.petnameslist.com/name-info/spunky","Spunky"
"http://www.petnameslist.com/name-info/squall","Squall"
"http://www.petnameslist.com/name-info/squash","Squash"
"http://www.petnameslist.com/name-info/squawk","Squawk"
"http://www.petnameslist.com/name-info/squeeks","Squeeks"
"http://www.petnameslist.com/name-info/squirmy","Squirmy"
"http://www.petnameslist.com/name-info/squirrel","Squirrel"
"http://www.petnameslist.com/name-info/stamps","Stamps"
"http://www.petnameslist.com/name-info/stanley","Stanley"
"http://www.petnameslist.com/name-info/stargate","Stargate"
"http://www.petnameslist.com/name-info/stephanie","Stephanie"
"http://www.petnameslist.com/name-info/stephano","Stephano"
"http://www.petnameslist.com/name-info/steven","Steven"
"http://www.petnameslist.com/name-info/stewart","Stewart"
"http://www.petnameslist.com/name-info/stimpy","Stimpy"
"http://www.petnameslist.com/name-info/sting","Sting"
"http://www.petnameslist.com/name-info/stinker","Stinker"
"http://www.petnameslist.com/name-info/storm","Storm"
"http://www.petnameslist.com/name-info/stormy","Stormy"
"http://www.petnameslist.com/name-info/stripes","Stripes"
"http://www.petnameslist.com/name-info/stroganoff","Stroganoff"
"http://www.petnameslist.com/name-info/strudel","Strudel"
"http://www.petnameslist.com/name-info/stryker","Stryker"
"http://www.petnameslist.com/name-info/sub-zero","Sub-Zero"
"http://www.petnameslist.com/name-info/succotash","Succotash"
"http://www.petnameslist.com/name-info/sucker","Sucker"
"http://www.petnameslist.com/name-info/sugar","Sugar"
"http://www.petnameslist.com/name-info/sugar-plum","Sugar Plum"
"http://www.petnameslist.com/name-info/sumac","Sumac"
"http://www.petnameslist.com/name-info/sumo","Sumo"
"http://www.petnameslist.com/name-info/sunburst","Sunburst"
"http://www.petnameslist.com/name-info/sunny","Sunny"
"http://www.petnameslist.com/name-info/sunshine","Sunshine"
"http://www.petnameslist.com/name-info/sunshine-2","Sunshine"
"http://www.petnameslist.com/name-info/superman","Superman"
"http://www.petnameslist.com/name-info/sushi","Sushi"
"http://www.petnameslist.com/name-info/swammy","Swammy"
"http://www.petnameslist.com/name-info/switch","Switch"
"http://www.petnameslist.com/name-info/sycamore","Sycamore"
"http://www.petnameslist.com/name-info/sycorax","Sycorax"
"http://www.petnameslist.com/name-info/sykes","Sykes"
"http://www.petnameslist.com/name-info/tabasco","Tabasco"
"http://www.petnameslist.com/name-info/taco","Taco"
"http://www.petnameslist.com/name-info/taft","Taft"
"http://www.petnameslist.com/name-info/taipei","Taipei"
"http://www.petnameslist.com/name-info/tamale","Tamale"
"http://www.petnameslist.com/name-info/tambourine","Tambourine"
"http://www.petnameslist.com/name-info/tank","Tank"
"http://www.petnameslist.com/name-info/tanker","Tanker"
"http://www.petnameslist.com/name-info/tanya","Tanya"
"http://www.petnameslist.com/name-info/taro","Taro"
"http://www.petnameslist.com/name-info/tarqeq","Tarqeq"
"http://www.petnameslist.com/name-info/tart","Tart"
"http://www.petnameslist.com/name-info/tartare","Tartare"
"http://www.petnameslist.com/name-info/tarvos","Tarvos"
"http://www.petnameslist.com/name-info/taven","Taven"
"http://www.petnameslist.com/name-info/tawanda","Tawanda"
"http://www.petnameslist.com/name-info/taygete","Taygete"
"http://www.petnameslist.com/name-info/taylor","Taylor"
"http://www.petnameslist.com/name-info/tea","Tea"
"http://www.petnameslist.com/name-info/teenie","Teenie"
"http://www.petnameslist.com/name-info/telesto","Telesto"
"http://www.petnameslist.com/name-info/tennessee","Tennessee"
"http://www.petnameslist.com/name-info/tenor","Tenor"
"http://www.petnameslist.com/name-info/tequila","Tequila"
"http://www.petnameslist.com/name-info/tequini","Tequini"
"http://www.petnameslist.com/name-info/tethys","Tethys"
"http://www.petnameslist.com/name-info/tex","Tex"
"http://www.petnameslist.com/name-info/thalassa","Thalassa"
"http://www.petnameslist.com/name-info/thebe","Thebe"
"http://www.petnameslist.com/name-info/theodore","Theodore"
"http://www.petnameslist.com/name-info/thrymr","Thrymr"
"http://www.petnameslist.com/name-info/thumper","Thumper"
"http://www.petnameslist.com/name-info/thunder","Thunder"
"http://www.petnameslist.com/name-info/tide","Tide"
"http://www.petnameslist.com/name-info/tiger","Tiger"
"http://www.petnameslist.com/name-info/tigger","Tigger"
"http://www.petnameslist.com/name-info/timon","Timon"
"http://www.petnameslist.com/name-info/timor","Timor"
"http://www.petnameslist.com/name-info/timpani","Timpani"
"http://www.petnameslist.com/name-info/tina","Tina"
"http://www.petnameslist.com/name-info/tippy","Tippy"
"http://www.petnameslist.com/name-info/titan","Titan"
"http://www.petnameslist.com/name-info/titania","Titania"
"http://www.petnameslist.com/name-info/toffee","Toffee"
"http://www.petnameslist.com/name-info/tofu","Tofu"
"http://www.petnameslist.com/name-info/tokyo","Tokyo"
"http://www.petnameslist.com/name-info/tom","Tom"
"http://www.petnameslist.com/name-info/tom-tom","Tom-Tom"
"http://www.petnameslist.com/name-info/tomato","Tomato"
"http://www.petnameslist.com/name-info/tony","Tony"
"http://www.petnameslist.com/name-info/toofy","Toofy"
"http://www.petnameslist.com/name-info/toon","Toon"
"http://www.petnameslist.com/name-info/toothy","Toothy"
"http://www.petnameslist.com/name-info/tootsie","Tootsie"
"http://www.petnameslist.com/name-info/tootsie-roll","Tootsie Roll"
"http://www.petnameslist.com/name-info/topaz","Topaz"
"http://www.petnameslist.com/name-info/tori","Tori"
"http://www.petnameslist.com/name-info/torro","Torro"
"http://www.petnameslist.com/name-info/toto","Toto"
"http://www.petnameslist.com/name-info/tracey","Tracey"
"http://www.petnameslist.com/name-info/tramp","Tramp"
"http://www.petnameslist.com/name-info/triangle","Triangle"
"http://www.petnameslist.com/name-info/trinity","Trinity"
"http://www.petnameslist.com/name-info/triscuit","Triscuit"
"http://www.petnameslist.com/name-info/tristan","Tristan"
"http://www.petnameslist.com/name-info/triton","Triton"
"http://www.petnameslist.com/name-info/trixie","Trixie"
"http://www.petnameslist.com/name-info/trombone","Trombone"
"http://www.petnameslist.com/name-info/troy","Troy"
"http://www.petnameslist.com/name-info/truffle","Truffle"
"http://www.petnameslist.com/name-info/truman","Truman"
"http://www.petnameslist.com/name-info/trumpet","Trumpet"
"http://www.petnameslist.com/name-info/tsunami","Tsunami"
"http://www.petnameslist.com/name-info/tuba","Tuba"
"http://www.petnameslist.com/name-info/tundra","Tundra"
"http://www.petnameslist.com/name-info/turkey","Turkey"
"http://www.petnameslist.com/name-info/turnip","Turnip"
"http://www.petnameslist.com/name-info/turtle","Turtle"
"http://www.petnameslist.com/name-info/tweek","Tweek"
"http://www.petnameslist.com/name-info/twinkie","Twinkie"
"http://www.petnameslist.com/name-info/twister","Twister"
"http://www.petnameslist.com/name-info/twitter","Twitter"
"http://www.petnameslist.com/name-info/tyler","Tyler"
"http://www.petnameslist.com/name-info/typhoon","Typhoon"
"http://www.petnameslist.com/name-info/udu","Udu"
"http://www.petnameslist.com/name-info/ugg","Ugg"
"http://www.petnameslist.com/name-info/ugly","Ugly"
"http://www.petnameslist.com/name-info/ulysses","Ulysses"
"http://www.petnameslist.com/name-info/uma","Uma"
"http://www.petnameslist.com/name-info/umberto","Umberto"
"http://www.petnameslist.com/name-info/umbriel","Umbriel"
"http://www.petnameslist.com/name-info/upton","Upton"
"http://www.petnameslist.com/name-info/uri","Uri"
"http://www.petnameslist.com/name-info/urkel","Urkel"
"http://www.petnameslist.com/name-info/ursula","Ursula"
"http://www.petnameslist.com/name-info/usher","Usher"
"http://www.petnameslist.com/name-info/uzi","Uzi"
"http://www.petnameslist.com/name-info/vaca","Vaca"
"http://www.petnameslist.com/name-info/val","Val"
"http://www.petnameslist.com/name-info/valentina","Valentina"
"http://www.petnameslist.com/name-info/valentine","Valentine"
"http://www.petnameslist.com/name-info/valentino","Valentino"
"http://www.petnameslist.com/name-info/valerie","Valerie"
"http://www.petnameslist.com/name-info/vamp","Vamp"
"http://www.petnameslist.com/name-info/van","Van"
"http://www.petnameslist.com/name-info/vanity","Vanity"
"http://www.petnameslist.com/name-info/vedder","Vedder"
"http://www.petnameslist.com/name-info/veggie","Veggie"
"http://www.petnameslist.com/name-info/velcro","Velcro"
"http://www.petnameslist.com/name-info/velma","Velma"
"http://www.petnameslist.com/name-info/venom","Venom"
"http://www.petnameslist.com/name-info/ventura","Ventura"
"http://www.petnameslist.com/name-info/venus","Venus"
"http://www.petnameslist.com/name-info/vermouth","Vermouth"
"http://www.petnameslist.com/name-info/verne","Verne"
"http://www.petnameslist.com/name-info/veronica","Veronica"
"http://www.petnameslist.com/name-info/veruca","Veruca"
"http://www.petnameslist.com/name-info/vex","Vex"
"http://www.petnameslist.com/name-info/vice-roy","Vice Roy"
"http://www.petnameslist.com/name-info/victor","Victor"
"http://www.petnameslist.com/name-info/victoria","Victoria"
"http://www.petnameslist.com/name-info/vienna","Vienna"
"http://www.petnameslist.com/name-info/vinny","Vinny"
"http://www.petnameslist.com/name-info/viola","Viola"
"http://www.petnameslist.com/name-info/violet","Violet"
"http://www.petnameslist.com/name-info/viper","Viper"
"http://www.petnameslist.com/name-info/vittles","Vittles"
"http://www.petnameslist.com/name-info/vittoria","Vittoria"
"http://www.petnameslist.com/name-info/vixen","Vixen"
"http://www.petnameslist.com/name-info/vladimir","Vladimir"
"http://www.petnameslist.com/name-info/vodka","Vodka"
"http://www.petnameslist.com/name-info/vogue","Vogue"
"http://www.petnameslist.com/name-info/vonda","Vonda"
"http://www.petnameslist.com/name-info/voodoo","Voodoo"
"http://www.petnameslist.com/name-info/voyager","Voyager"
"http://www.petnameslist.com/name-info/waddles","Waddles"
"http://www.petnameslist.com/name-info/waffle","Waffle"
"http://www.petnameslist.com/name-info/walter","Walter"
"http://www.petnameslist.com/name-info/warhol","Warhol"
"http://www.petnameslist.com/name-info/warthog","Warthog"
"http://www.petnameslist.com/name-info/wasabi","Wasabi"
"http://www.petnameslist.com/name-info/washington","Washington"
"http://www.petnameslist.com/name-info/weasel","Weasel"
"http://www.petnameslist.com/name-info/weenie","Weenie"
"http://www.petnameslist.com/name-info/wendy","Wendy"
"http://www.petnameslist.com/name-info/west","West"
"http://www.petnameslist.com/name-info/whiner","Whiner"
"http://www.petnameslist.com/name-info/whiskey","Whiskey"
"http://www.petnameslist.com/name-info/whistler","Whistler"
"http://www.petnameslist.com/name-info/whitney","Whitney"
"http://www.petnameslist.com/name-info/wiggles","Wiggles"
"http://www.petnameslist.com/name-info/wiggly","Wiggly"
"http://www.petnameslist.com/name-info/willie","Willie"
"http://www.petnameslist.com/name-info/willow","Willow"
"http://www.petnameslist.com/name-info/wilson","Wilson"
"http://www.petnameslist.com/name-info/wind","Wind"
"http://www.petnameslist.com/name-info/wine","Wine"
"http://www.petnameslist.com/name-info/winston","Winston"
"http://www.petnameslist.com/name-info/winter","Winter"
"http://www.petnameslist.com/name-info/wolf","Wolf"
"http://www.petnameslist.com/name-info/wonton","Wonton"
"http://www.petnameslist.com/name-info/woodstock","Woodstock"
"http://www.petnameslist.com/name-info/woody","Woody"
"http://www.petnameslist.com/name-info/woof","Woof"
"http://www.petnameslist.com/name-info/woofer","Woofer"
"http://www.petnameslist.com/name-info/woofy","Woofy"
"http://www.petnameslist.com/name-info/wordsworth","Wordsworth"
"http://www.petnameslist.com/name-info/wormy","Wormy"
"http://www.petnameslist.com/name-info/wrinkles","Wrinkles"
"http://www.petnameslist.com/name-info/wuss","Wuss"
"http://www.petnameslist.com/name-info/wussy","Wussy"
"http://www.petnameslist.com/name-info/wyatt","Wyatt"
"http://www.petnameslist.com/name-info/xander","Xander"
"http://www.petnameslist.com/name-info/xanthus","Xanthus"
"http://www.petnameslist.com/name-info/xena","Xena"
"http://www.petnameslist.com/name-info/xeno","Xeno"
"http://www.petnameslist.com/name-info/xerxes","Xerxes"
"http://www.petnameslist.com/name-info/xylophone","Xylophone"
"http://www.petnameslist.com/name-info/yale","Yale"
"http://www.petnameslist.com/name-info/yam","Yam"
"http://www.petnameslist.com/name-info/yancy","Yancy"
"http://www.petnameslist.com/name-info/yankee","Yankee"
"http://www.petnameslist.com/name-info/yanni","Yanni"
"http://www.petnameslist.com/name-info/yasmine","Yasmine"
"http://www.petnameslist.com/name-info/yeti","Yeti"
"http://www.petnameslist.com/name-info/yogi","Yogi"
"http://www.petnameslist.com/name-info/yoko","Yoko"
"http://www.petnameslist.com/name-info/yolanda","Yolanda"
"http://www.petnameslist.com/name-info/york","York"
"http://www.petnameslist.com/name-info/yumiko","Yumiko"
"http://www.petnameslist.com/name-info/yuri","Yuri"
"http://www.petnameslist.com/name-info/yuriko","Yuriko"
"http://www.petnameslist.com/name-info/yves","Yves"
"http://www.petnameslist.com/name-info/yvette","Yvette"
"http://www.petnameslist.com/name-info/yvonne","Yvonne"
"http://www.petnameslist.com/name-info/zachery","Zachery"
"http://www.petnameslist.com/name-info/zane","Zane"
"http://www.petnameslist.com/name-info/zany","Zany"
"http://www.petnameslist.com/name-info/zap","Zap"
"http://www.petnameslist.com/name-info/zazoo","Zazoo"
"http://www.petnameslist.com/name-info/zazu","Zazu"
"http://www.petnameslist.com/name-info/zebra","Zebra"
"http://www.petnameslist.com/name-info/zee","Zee"
"http://www.petnameslist.com/name-info/zeke","Zeke"
"http://www.petnameslist.com/name-info/zelda","Zelda"
"http://www.petnameslist.com/name-info/zero","Zero"
"http://www.petnameslist.com/name-info/zeus","Zeus"
"http://www.petnameslist.com/name-info/ziggy","Ziggy"
"http://www.petnameslist.com/name-info/zipper","Zipper"
"http://www.petnameslist.com/name-info/zippy","Zippy"
"http://www.petnameslist.com/name-info/zoinks","Zoinks"
"http://www.petnameslist.com/name-info/zombie","Zombie"
"http://www.petnameslist.com/name-info/zonk","Zonk"
"http://www.petnameslist.com/name-info/zoo","Zoo"
"http://www.petnameslist.com/name-info/zorro","Zorro"
